date,Digital exhaustion,Internet weariness,Cyber fatigue,Web burnout,Screen exhaustion,Electronic overload,Online stress,Internet strain,Digital overwhelm,E-fatigue,Virtual burnout,Screen weariness,Digital drained,Cyber burnout,Web fatigue,Connection overload,Online depletion,Internet overload,Screen burnout,E-strain,Digital distress,Cyber weariness,Internet exhaustion,Electronic fatigue,Screen strain,Virtual exhaustion,Online weariness,Digital saturation,Internet burnout,E-exhaustion,Screen overload,Cyber strain,Virtual fatigue,Web exhaustion,Electronic burnout,Online overload,Digital strain,Internet distress,Cyber exhaustion,Web weariness,Electronic strain,Screen saturation,E-depletion,Digital depletion,Online strain,Web overload,Internet fatigue,Cyber distress,E-weariness,Virtual strain,Electronic exhaustion,Web strain,Digital burnout,Cyber saturation,Online exhaustion,Connection fatigue,Screen stress,Virtual weariness,Electronic stress,Online fatigue,Internet stress,Connection strain,E-distress,Digital stress,Connection weariness,Web stress,Digital overload,Cyber stress,Connection distress,Connection exhaustion,Cyber overload,Connection burnout,Screen fatigue,Digital weariness,Virtual saturation,E-overload,Online burnout,Cyber wear
2018-05-13,23,0,0,0,0,0,54,5,2,0,0,0,0,0,0,0,0,23,0,0,0,0,0,0,51,0,0,0,44,0,0,0,0,0,17,8,35,0,0,0,0,0,0,0,35,0,0,0,0,0,0,55,37,0,82,0,0,0,0,14,45,0,0,21,0,28,0,0,3,5,0,0,41,0,0,0,38,0
2018-05-20,0,0,15,0,0,3,50,2,0,0,0,0,0,21,0,0,0,0,0,0,0,0,0,12,34,0,0,0,16,0,24,0,0,0,0,8,0,0,0,0,9,0,0,0,48,0,6,0,0,14,0,39,71,0,0,0,32,0,0,60,31,10,0,21,0,38,58,0,0,0,0,0,38,0,7,0,65,5
2018-05-27,20,0,0,0,0,0,45,0,0,0,18,0,0,0,63,0,15,0,56,0,0,0,0,0,17,0,0,0,0,0,0,0,0,0,0,20,7,0,0,0,23,22,0,0,42,11,3,4,0,29,0,37,0,0,0,0,29,0,11,53,33,11,0,31,0,44,0,0,0,0,0,8,25,0,0,0,46,0
2018-06-03,0,0,18,100,0,5,44,0,0,0,0,0,0,31,0,0,0,0,24,0,0,0,0,0,45,25,0,20,0,0,0,0,0,0,0,30,21,0,0,0,0,0,0,0,39,4,0,0,0,0,0,20,0,0,0,0,22,0,0,27,39,11,0,12,0,15,17,0,0,0,10,14,52,0,0,0,46,0
2018-06-10,0,0,0,24,0,2,47,0,2,0,0,0,0,0,22,69,0,29,24,0,0,0,0,0,24,0,0,0,24,0,22,0,18,0,0,21,19,0,0,0,0,45,0,0,46,6,8,0,0,0,0,46,0,0,38,0,18,0,0,37,16,12,0,0,0,23,20,0,11,9,0,15,0,0,0,0,53,0
2018-06-17,16,0,23,24,0,0,45,0,0,0,0,0,0,0,33,17,24,0,28,0,11,0,0,13,32,0,0,0,0,0,0,0,0,0,18,14,16,0,0,0,0,0,0,0,36,0,0,0,0,13,0,45,0,0,0,0,28,0,0,23,37,16,0,11,0,26,0,51,0,0,0,0,25,0,7,0,49,4
2018-06-24,0,0,26,0,0,0,46,2,0,0,0,0,0,0,41,0,0,0,34,0,0,0,0,0,49,37,0,19,52,0,0,0,0,16,0,23,9,0,0,0,42,20,0,0,21,0,0,0,0,65,0,19,0,0,0,0,33,0,11,39,22,0,0,24,0,43,0,0,3,3,0,0,0,0,0,0,60,0
2018-07-01,0,0,0,0,0,3,41,0,0,0,0,0,0,0,43,24,0,54,33,0,10,0,0,11,27,0,0,30,0,0,0,0,0,0,0,19,18,0,0,0,8,0,0,0,35,5,0,0,0,0,0,38,0,0,0,0,36,0,9,31,33,0,0,24,0,30,0,21,0,0,0,0,0,0,0,0,35,0
2018-07-08,0,0,0,0,0,0,42,0,0,0,0,0,0,30,22,0,14,57,29,0,0,0,0,0,48,0,0,0,0,0,0,0,0,0,0,13,25,8,0,0,0,29,0,0,34,5,3,0,0,16,0,56,18,0,0,0,36,0,0,37,34,0,0,22,0,23,0,100,5,0,0,0,0,0,5,0,50,4
2018-07-15,20,0,0,21,0,4,42,0,8,0,0,0,0,0,0,0,0,0,37,0,0,0,0,0,23,0,0,24,0,0,27,0,23,0,23,41,0,0,0,0,0,0,0,0,36,4,0,0,0,24,0,19,0,0,0,0,0,0,0,40,38,0,0,33,0,39,0,20,0,6,0,0,0,0,10,0,43,4
2018-07-22,0,0,0,0,0,3,49,4,2,0,51,0,0,0,38,21,0,0,35,0,10,0,0,0,54,0,0,0,0,0,0,28,0,0,29,11,26,0,0,0,0,0,0,0,43,0,4,3,0,24,0,55,31,0,0,46,21,0,20,47,0,15,0,30,0,43,17,17,0,0,0,16,0,0,0,0,30,0
2018-07-29,0,0,0,0,0,4,60,5,0,0,0,0,0,0,24,24,0,0,37,0,39,0,0,0,26,0,0,30,0,0,19,0,33,0,0,16,12,0,0,0,10,16,0,0,31,5,0,0,0,25,0,66,0,0,0,0,0,0,15,60,35,0,0,28,0,23,26,0,0,4,0,14,18,0,6,0,43,6
2018-08-05,0,0,0,0,0,5,53,5,0,0,0,0,0,0,44,0,62,33,31,0,0,0,0,0,63,0,0,41,0,0,0,37,0,0,0,28,18,0,0,0,12,0,0,0,46,0,0,0,0,0,0,56,0,0,22,0,17,0,11,88,23,12,0,20,0,26,0,23,0,4,0,0,17,0,0,0,28,0
2018-08-12,0,0,0,0,0,3,45,4,0,0,0,0,0,0,23,0,0,0,19,0,0,0,0,0,33,40,0,0,0,0,0,31,0,0,0,17,11,0,0,0,0,14,0,0,42,0,0,0,0,12,0,60,0,0,0,20,39,0,0,51,12,0,0,30,0,38,0,0,0,0,11,0,0,0,0,0,37,3
2018-08-19,0,0,0,0,0,0,39,0,0,0,48,0,0,0,24,0,0,14,100,0,0,0,9,21,40,32,0,0,0,0,21,0,0,25,0,24,17,0,0,0,17,20,0,0,29,3,0,0,0,0,0,77,15,0,21,53,28,0,0,71,25,8,0,9,0,27,15,0,0,0,0,0,18,0,11,0,32,4
2018-08-26,21,0,0,20,40,4,42,2,0,0,0,0,0,28,0,0,0,0,0,0,0,0,34,0,41,0,0,48,0,0,0,0,60,0,20,12,12,0,0,0,0,10,0,0,30,6,0,14,0,0,0,32,19,0,0,89,39,0,9,49,32,0,0,13,0,21,0,0,2,0,0,20,19,0,14,0,43,0
2018-09-02,0,0,0,0,0,3,49,5,0,0,0,0,0,0,30,0,40,0,0,0,0,0,0,0,36,0,0,52,0,0,16,0,0,0,0,22,19,0,0,0,12,9,0,0,28,9,6,0,0,18,0,44,0,0,0,0,13,0,0,30,24,20,0,83,0,50,0,25,5,3,0,0,49,0,10,0,0,4
2018-09-09,0,0,21,45,0,5,53,7,0,0,0,0,0,0,0,0,16,0,0,0,12,0,0,0,30,0,0,0,0,0,0,0,0,0,17,18,0,0,0,0,0,0,0,9,34,0,0,0,0,0,0,44,0,0,0,36,0,0,13,36,40,0,0,35,0,33,0,13,0,16,0,0,0,0,0,0,37,10
2018-09-16,0,0,0,37,0,0,51,2,0,0,0,0,0,0,0,0,0,0,0,0,0,0,0,14,57,0,0,36,53,0,0,0,0,33,0,44,12,6,0,0,0,0,0,0,29,3,0,0,0,0,0,52,0,0,0,0,39,0,19,41,18,11,0,14,0,30,0,0,3,0,0,0,13,0,0,0,41,0
2018-09-23,0,0,0,0,0,2,55,0,0,0,0,0,0,0,40,43,0,0,0,0,0,0,0,9,35,0,0,0,0,0,27,0,0,0,18,26,15,12,0,0,0,11,0,11,41,0,0,0,0,25,0,36,0,0,23,30,17,0,0,64,10,0,0,23,0,28,0,18,0,0,22,0,0,0,0,0,21,0
2018-09-30,0,0,0,0,0,0,55,2,0,0,41,0,0,22,24,0,0,0,40,0,0,0,0,0,76,21,0,16,0,0,22,97,0,0,0,12,36,7,0,0,0,12,0,0,32,3,0,0,0,19,0,58,0,0,73,0,20,0,12,39,49,44,0,26,0,19,0,0,2,0,0,0,24,0,0,0,49,0
2018-10-07,0,0,0,0,37,4,54,0,2,0,0,0,0,0,20,0,0,0,33,0,0,0,8,0,26,0,0,19,0,0,0,24,0,0,0,0,38,10,0,0,0,8,0,0,34,0,0,0,0,31,0,65,0,0,27,0,56,0,9,46,28,35,0,26,0,37,0,41,3,5,0,0,23,0,0,0,71,0
2018-10-14,22,0,0,15,0,0,53,4,0,0,45,0,0,34,23,51,0,14,16,0,0,0,8,12,24,0,0,27,0,0,0,0,21,0,0,0,28,0,0,0,0,11,0,0,48,4,4,0,0,0,0,29,0,0,0,0,24,0,0,56,41,0,0,20,0,42,16,19,0,0,0,0,0,0,0,0,32,0
2018-10-21,0,0,0,16,25,0,40,5,0,0,0,0,0,33,0,0,27,0,25,0,0,0,0,0,52,0,0,0,0,0,0,0,0,0,0,9,17,0,0,0,14,52,0,0,41,4,4,0,0,0,0,51,15,0,0,25,20,0,8,60,20,22,0,22,0,35,0,21,0,0,0,0,43,0,0,0,40,0
2018-10-28,0,0,22,0,0,0,67,7,0,0,22,0,0,0,0,14,0,30,85,0,0,0,17,0,45,32,0,0,0,0,26,16,0,0,18,23,33,8,0,0,11,0,0,0,31,4,0,0,0,0,0,62,0,0,19,100,26,0,0,39,32,0,0,44,0,23,36,15,0,0,0,0,0,0,7,0,27,0
2018-11-04,0,0,0,0,0,0,60,0,0,0,18,0,0,0,0,0,0,0,32,0,30,0,0,12,48,0,0,0,0,0,0,0,0,0,0,32,20,10,0,0,0,23,0,0,49,21,4,3,0,12,0,41,41,0,0,28,45,0,13,41,30,11,0,33,0,29,27,17,0,0,0,0,0,0,0,0,63,6
2018-11-11,0,0,34,19,0,2,48,2,2,0,0,0,0,0,18,29,0,38,41,0,9,0,0,0,66,24,0,0,0,0,53,0,0,0,0,36,26,9,0,0,15,14,0,0,47,11,4,0,0,0,0,34,0,0,0,18,64,0,13,32,34,9,0,21,0,41,0,27,2,4,0,0,53,0,0,0,34,11
2018-11-18,0,0,0,0,25,2,54,0,0,0,0,0,0,25,0,24,52,47,23,0,7,0,0,0,31,0,0,0,27,0,23,0,0,0,27,32,14,0,0,0,22,0,0,0,35,9,3,0,0,0,0,40,0,0,22,0,23,0,18,41,15,16,0,25,0,38,0,0,0,0,0,0,0,0,12,0,21,20
2018-11-25,0,0,44,29,24,2,46,0,0,0,0,0,0,0,20,25,27,33,45,0,0,0,12,10,37,0,0,19,21,0,0,0,29,0,0,36,30,8,0,0,11,29,0,0,41,0,0,0,0,0,0,32,0,0,0,0,20,0,18,34,37,10,0,30,0,42,0,92,0,7,9,0,15,0,9,0,51,82
2018-12-02,0,0,0,0,0,4,52,3,0,0,0,0,0,0,35,21,36,0,0,0,20,0,0,0,58,0,0,0,0,0,0,0,0,0,0,27,19,0,0,0,24,34,0,0,39,4,0,0,0,0,0,60,23,0,32,0,49,0,17,41,45,0,0,26,0,31,19,19,0,0,11,0,0,0,0,0,40,0
2018-12-09,0,0,20,21,0,2,45,0,0,0,0,0,0,0,0,0,13,0,35,0,0,0,0,8,40,20,0,0,0,0,0,0,0,0,0,36,19,0,0,0,13,0,0,0,31,0,3,3,0,0,0,45,0,0,18,0,27,0,0,51,38,25,0,0,0,46,0,20,0,0,0,0,0,0,0,0,16,5
2018-12-16,0,0,0,0,26,4,47,0,0,0,0,0,0,16,0,0,0,0,26,0,0,0,0,0,28,0,0,0,0,0,20,0,0,0,29,24,16,0,0,0,0,15,0,0,39,0,0,0,0,0,0,15,0,0,0,0,21,0,0,46,20,0,0,19,0,25,17,25,3,0,0,0,0,0,6,0,36,0
2018-12-23,0,0,0,35,0,0,41,3,0,0,0,0,0,0,0,0,0,0,33,0,21,0,11,0,31,0,0,0,0,0,0,0,0,0,0,22,28,0,0,0,0,0,0,0,26,3,0,3,0,0,0,54,23,0,0,0,18,0,0,34,23,0,0,12,0,21,0,0,0,0,0,0,18,0,0,0,19,0
2018-12-30,17,0,0,0,0,0,43,7,0,0,0,0,0,0,21,26,0,37,51,0,0,0,0,0,35,23,0,0,0,0,0,0,19,40,0,27,20,0,0,0,29,15,0,0,22,19,0,0,0,0,0,63,0,0,0,19,32,0,0,51,48,0,0,29,0,24,0,0,3,0,0,0,0,0,0,0,33,0
2019-01-06,0,0,0,21,0,3,47,0,0,0,0,0,0,0,0,0,28,0,17,0,0,0,0,9,42,0,0,0,0,0,0,17,78,0,0,30,27,0,0,0,9,14,0,0,25,0,3,0,0,22,0,12,12,0,0,0,16,0,0,24,39,16,0,21,0,25,0,21,0,0,0,0,16,0,0,0,41,3
2019-01-13,0,0,0,0,0,0,52,0,0,0,29,0,0,0,90,23,14,0,64,0,9,0,12,0,33,0,0,0,0,0,0,15,29,39,0,17,33,0,0,0,0,0,0,0,32,0,0,0,0,0,0,42,0,0,0,39,43,0,14,45,33,15,0,15,0,33,0,0,3,3,0,0,27,0,0,0,58,0
2019-01-20,27,0,0,0,26,2,48,0,0,0,36,0,0,22,28,0,24,17,0,0,12,0,0,0,75,0,0,0,0,0,0,0,0,0,51,19,15,0,0,0,9,16,0,19,26,3,0,6,0,17,0,39,0,0,0,30,31,0,11,36,25,18,0,30,0,34,0,25,2,4,0,13,0,0,0,0,17,0
2019-01-27,0,0,36,0,15,0,49,5,0,0,0,0,0,0,40,23,25,0,51,0,0,0,0,0,30,0,0,0,18,0,34,0,0,0,32,23,22,0,0,0,0,45,0,0,36,3,0,0,0,14,0,34,0,0,0,0,39,0,8,23,33,10,0,12,0,15,0,0,0,6,16,24,23,0,0,0,33,0
2019-02-03,0,0,0,21,0,4,62,0,0,0,0,0,0,0,0,20,21,32,88,0,0,0,0,0,27,0,0,56,0,0,57,0,0,0,0,26,19,12,0,0,0,23,0,0,29,0,4,0,0,0,0,0,18,0,0,62,44,0,11,32,23,18,0,20,0,46,0,0,0,0,0,0,0,0,11,0,47,0
2019-02-10,0,0,0,0,0,0,49,0,0,0,0,0,0,0,42,0,14,51,32,0,10,0,0,0,40,0,0,24,26,0,0,27,74,46,25,27,15,0,0,0,18,0,0,10,31,11,3,0,0,0,0,47,13,0,68,0,37,0,14,56,30,0,0,28,0,32,31,33,0,0,0,0,23,0,0,0,37,4
2019-02-17,0,0,0,0,0,11,46,0,0,0,0,0,0,0,21,0,0,0,20,0,0,0,0,0,38,0,0,0,25,0,0,0,31,16,0,26,58,0,0,0,0,0,0,12,35,5,0,0,0,27,0,36,0,0,0,34,9,0,0,42,19,11,0,23,0,27,34,38,12,0,0,34,0,0,0,0,51,0
2019-02-24,61,0,15,0,18,0,61,3,2,0,0,0,0,25,16,23,0,14,0,0,0,0,20,0,48,0,0,0,15,0,37,0,0,26,0,39,45,0,0,0,23,11,0,34,28,0,0,0,0,0,0,50,0,0,0,0,34,0,0,57,35,23,0,0,0,34,0,0,3,0,15,0,23,0,0,0,23,4
2019-03-03,0,0,28,0,0,2,47,0,2,0,0,0,0,18,0,19,18,27,0,0,0,0,0,0,42,21,0,24,0,0,0,0,0,0,0,32,0,0,0,0,17,15,0,0,18,0,2,9,0,42,0,21,0,0,0,0,30,0,38,38,25,0,0,31,0,28,47,0,0,0,0,0,0,0,0,0,31,5
2019-03-10,0,0,14,15,0,0,56,2,0,0,25,0,0,0,21,0,0,20,0,0,28,0,31,0,23,0,0,32,0,0,27,0,18,0,0,22,26,0,0,0,38,0,0,0,31,3,0,0,0,0,0,36,16,0,34,24,29,0,0,41,21,9,0,33,0,41,0,20,0,0,0,0,0,0,0,0,25,0
2019-03-17,0,0,22,93,0,0,48,0,0,0,0,0,0,25,74,0,0,0,14,0,0,0,21,0,44,19,0,34,0,0,22,0,100,50,0,33,34,10,0,0,0,0,0,8,27,7,0,0,0,21,0,46,0,0,32,0,34,0,34,24,45,21,0,45,0,28,20,0,0,0,0,0,66,0,0,0,57,8
2019-03-24,0,0,0,20,0,2,61,0,0,0,0,0,0,0,39,0,0,0,24,0,12,0,12,0,54,0,0,41,24,0,45,0,18,45,0,24,32,0,0,0,14,13,0,0,26,0,3,0,0,0,0,0,13,0,27,0,25,0,10,63,37,0,0,13,0,43,17,14,2,0,0,0,51,0,6,0,37,10
2019-03-31,42,0,24,28,0,4,67,6,0,0,0,0,0,0,0,17,0,28,21,0,0,0,0,0,52,0,0,0,0,0,0,0,30,0,48,7,26,0,0,0,15,0,0,0,30,0,7,0,0,54,0,48,0,0,0,0,23,0,16,51,43,0,0,36,0,38,0,0,0,0,8,0,55,0,0,0,38,12
2019-04-07,20,0,0,46,0,0,49,0,0,0,0,0,0,19,0,0,0,0,0,0,9,0,0,0,37,0,0,100,0,0,33,0,0,0,0,33,28,0,0,0,12,16,0,0,20,0,6,7,0,11,0,0,0,0,0,0,30,0,0,60,24,0,0,0,0,31,14,27,2,0,0,0,40,0,0,0,48,5
2019-04-14,0,0,23,42,0,3,41,3,0,0,17,0,0,0,0,62,0,0,0,0,0,0,0,0,41,0,0,0,0,0,56,0,19,0,0,25,26,0,0,0,0,0,0,0,22,5,3,0,0,0,0,55,0,0,0,0,39,0,12,31,38,0,0,19,0,31,33,14,0,0,0,0,0,0,0,0,31,0
2019-04-21,43,0,16,32,0,0,37,0,0,0,0,0,0,0,25,31,0,30,0,0,0,0,0,0,26,0,0,0,0,0,0,0,0,0,0,0,0,0,0,0,0,11,0,0,30,0,4,0,0,0,0,57,0,0,40,0,38,0,0,40,28,8,0,19,0,29,0,21,0,0,0,26,27,0,0,0,61,0
2019-04-28,0,0,0,0,0,2,63,0,0,0,0,0,0,0,0,0,18,0,14,0,15,0,0,0,41,33,0,0,0,0,0,27,0,0,21,24,24,0,0,0,15,0,0,15,32,4,5,0,0,0,0,50,0,0,56,20,47,0,41,77,27,35,0,32,0,32,0,0,0,5,0,0,0,0,0,0,49,4
2019-05-05,0,0,42,0,0,0,60,0,2,0,0,0,0,0,39,0,0,0,25,0,0,0,0,9,43,0,0,0,0,0,37,0,0,0,0,17,16,14,0,0,16,9,0,12,21,0,0,0,0,27,0,0,11,0,33,22,45,0,25,48,34,0,0,18,0,16,36,17,0,0,0,22,0,0,11,0,34,0
2019-05-12,0,0,0,20,0,16,48,5,3,0,0,0,0,0,19,0,22,51,33,0,0,0,14,0,36,15,0,17,0,0,0,0,0,39,0,21,35,0,0,0,10,11,0,0,22,0,3,0,0,11,0,30,34,0,0,21,28,0,11,26,28,0,0,38,0,36,0,0,3,6,0,11,0,0,9,0,46,7
2019-05-19,0,0,0,0,0,0,62,0,0,0,0,0,0,0,16,0,0,0,32,0,0,0,0,18,12,0,0,0,0,0,0,0,18,0,16,11,26,0,0,0,19,0,0,0,25,0,0,0,0,0,0,45,24,0,0,0,24,0,0,19,43,13,0,22,0,26,0,0,0,0,0,0,24,0,0,0,16,6
2019-05-26,0,0,0,0,35,2,38,0,0,0,26,0,0,0,26,18,25,40,0,0,0,0,0,0,25,0,0,24,34,0,0,16,0,45,0,15,12,8,0,0,14,26,0,0,25,0,0,4,0,0,0,31,28,0,46,0,35,0,0,28,33,0,0,19,0,20,0,20,0,0,0,0,0,0,0,0,43,0
2019-06-02,0,0,0,35,27,7,52,0,0,0,0,0,0,54,23,32,18,13,35,0,0,0,0,0,51,0,0,25,0,0,15,0,0,26,0,6,18,0,0,0,17,21,0,0,29,8,0,0,0,0,0,31,0,0,21,0,34,0,22,34,36,10,0,33,0,27,0,24,0,0,0,0,26,0,5,0,62,6
2019-06-09,0,0,18,0,0,0,50,0,0,0,17,0,0,17,33,17,29,0,19,0,0,0,0,25,36,0,0,0,0,0,0,0,15,0,21,9,14,0,0,0,0,0,0,0,39,0,0,0,0,0,0,73,0,0,41,0,8,0,13,49,16,18,0,19,0,52,0,0,3,0,0,0,0,0,0,0,0,8
2019-06-16,0,0,0,0,0,2,44,0,0,0,0,0,0,0,16,25,0,0,28,0,0,0,0,0,23,0,0,0,18,0,52,0,0,23,0,22,9,6,0,0,22,0,0,0,25,0,11,0,0,13,0,0,0,0,19,0,39,0,21,29,57,0,0,21,0,32,0,21,0,0,0,11,37,0,0,0,28,0
2019-06-23,0,0,0,27,0,5,48,6,0,0,0,0,0,0,0,18,0,0,53,0,0,0,0,10,26,15,0,24,21,0,0,0,83,0,0,25,0,0,0,0,0,16,0,0,29,6,6,0,0,19,0,35,0,0,0,50,24,0,0,35,23,0,0,15,0,5,0,0,0,0,0,0,30,0,13,0,37,3
2019-06-30,0,0,0,0,0,0,43,3,0,0,0,0,0,0,0,34,0,0,0,0,0,0,0,11,22,0,0,0,0,0,54,47,0,0,56,19,27,0,0,0,0,0,0,0,16,0,3,0,0,0,0,33,0,0,0,0,45,0,0,47,22,0,0,10,0,21,0,38,0,3,10,0,0,0,0,0,42,0
2019-07-07,23,0,29,0,14,0,47,0,0,0,0,0,0,16,0,14,18,14,0,0,0,0,0,0,41,0,0,0,0,0,36,19,22,0,0,19,22,25,0,0,0,0,0,0,25,0,0,2,0,13,0,39,18,0,83,0,56,0,22,54,13,13,0,13,0,22,18,0,0,4,0,15,0,0,15,0,33,0
2019-07-14,0,0,0,26,0,0,47,3,0,0,47,0,0,0,0,0,18,0,0,0,12,0,10,13,21,0,0,24,20,0,0,0,21,0,0,11,0,0,0,0,16,0,0,0,24,0,4,0,0,0,0,41,0,0,0,36,50,0,9,44,35,0,0,0,0,33,33,0,0,8,0,0,21,0,0,0,30,0
2019-07-21,24,0,0,0,31,0,36,0,0,0,0,0,0,0,0,0,0,0,0,0,0,0,11,0,37,18,0,0,0,0,0,0,0,0,0,19,23,0,0,0,0,9,0,0,28,0,0,0,0,0,0,40,0,0,0,0,8,0,0,41,26,17,0,34,0,21,0,0,0,0,0,0,40,0,20,0,29,0
2019-07-28,0,0,0,0,0,5,43,5,0,0,0,0,0,17,51,0,0,18,0,0,0,0,0,0,0,0,0,0,20,0,0,0,26,54,0,27,14,0,0,0,0,0,0,25,27,0,4,0,0,0,0,24,0,0,28,0,24,0,0,38,34,0,0,18,0,28,0,79,0,0,0,0,23,0,0,0,43,0
2019-08-04,0,0,0,36,0,4,42,2,0,0,39,0,0,0,0,0,18,19,0,0,0,0,0,0,49,0,0,23,0,0,0,0,0,0,0,16,30,12,0,0,0,21,0,0,23,0,0,0,0,0,0,33,0,0,0,0,21,0,26,46,35,14,0,0,0,18,16,0,2,0,13,0,26,0,0,0,36,4
2019-08-11,0,0,53,0,0,2,47,5,2,0,0,0,0,0,24,27,0,14,0,0,13,0,20,0,24,0,0,0,0,0,0,0,0,0,34,15,35,20,0,0,0,20,0,0,27,0,0,0,0,0,0,14,0,0,30,0,28,0,0,57,46,26,0,14,0,18,0,16,0,0,0,0,52,0,0,0,31,0
2019-08-18,0,0,0,0,23,2,45,3,0,0,0,0,0,0,17,0,0,0,35,0,0,0,0,0,44,0,0,0,0,0,0,20,0,0,48,20,27,9,0,0,0,0,0,0,23,3,0,0,0,0,0,35,0,0,28,21,17,0,0,36,36,9,0,43,0,22,0,0,0,0,0,0,59,0,14,0,49,4
2019-08-25,31,0,0,0,23,5,42,5,2,0,0,0,0,57,47,29,0,32,27,0,0,0,0,0,42,0,0,0,0,0,0,0,33,20,0,34,20,0,0,0,19,0,0,0,30,3,0,3,0,0,0,48,0,0,0,0,48,0,0,39,32,12,0,14,0,38,0,0,0,0,11,0,0,0,0,0,53,6
2019-09-01,0,0,0,0,19,0,44,0,0,0,0,0,0,0,55,0,0,0,0,0,0,0,0,9,11,0,0,38,0,0,50,0,0,64,46,16,6,0,0,0,44,0,0,0,27,3,0,14,0,0,0,16,11,0,26,0,39,0,26,37,35,8,0,59,0,41,0,23,0,4,0,8,35,0,6,0,56,5
2019-09-08,0,0,0,21,0,0,55,0,0,0,0,0,0,0,34,0,0,34,15,0,0,0,0,7,43,27,0,24,34,0,0,31,0,0,0,28,9,9,0,0,10,11,0,30,29,3,0,0,0,0,0,34,0,0,0,0,39,0,0,53,29,19,0,22,0,25,0,0,0,0,20,0,0,0,0,0,39,5
2019-09-15,0,0,0,30,0,4,51,4,0,0,0,0,0,0,0,23,21,0,17,0,0,0,32,0,33,21,0,0,0,0,0,0,39,0,27,13,12,11,0,0,20,18,0,0,41,0,5,7,0,0,0,0,0,0,0,50,36,0,0,34,32,12,0,24,0,43,39,14,0,0,0,0,22,0,9,0,20,6
2019-09-22,0,0,0,0,17,0,57,0,0,0,0,0,0,45,48,29,0,0,27,0,0,0,0,0,34,0,0,19,0,0,0,0,19,0,0,20,13,7,0,0,0,8,0,0,32,5,0,0,0,0,0,47,14,0,0,0,38,0,0,48,32,24,0,27,0,46,58,0,0,3,29,0,0,0,0,0,25,0
2019-09-29,0,0,0,0,0,0,49,4,0,0,0,0,0,0,0,13,0,0,37,0,0,0,0,0,44,0,0,0,22,0,0,0,0,0,0,0,20,0,0,0,10,35,0,20,36,4,0,0,0,0,0,55,0,0,0,0,46,0,11,35,30,0,0,24,0,41,0,0,3,0,0,0,33,0,8,0,37,5
2019-10-06,0,0,0,0,0,4,66,3,2,0,0,0,0,19,31,0,0,0,0,0,11,0,21,0,80,0,0,0,0,0,0,0,26,0,0,9,24,0,0,0,0,14,0,0,30,0,3,0,0,16,0,12,0,0,0,20,39,0,22,46,16,0,0,28,0,41,40,15,0,0,0,0,57,0,0,0,52,6
2019-10-13,0,0,0,21,0,0,53,9,0,0,0,0,0,0,60,0,0,0,0,0,8,0,0,0,64,0,0,0,0,0,0,0,0,26,33,20,24,0,0,0,0,0,0,0,35,4,6,0,0,14,0,35,0,0,0,0,25,0,13,70,36,30,0,36,0,43,17,0,0,4,0,0,0,0,0,0,51,10
2019-10-20,0,0,0,63,0,5,47,0,2,0,0,0,0,0,37,54,0,28,26,0,0,0,0,0,35,0,0,15,13,0,16,43,0,0,0,19,14,9,0,0,0,0,0,0,21,0,4,0,0,0,0,44,22,0,0,0,43,0,11,18,11,12,0,27,0,43,0,0,4,0,0,0,0,0,0,0,50,3
2019-10-27,0,0,0,14,0,0,50,0,0,0,0,0,0,0,25,0,0,0,0,0,20,0,0,0,26,0,0,0,0,0,0,0,0,0,0,10,11,11,0,0,19,25,0,0,28,0,0,0,0,0,0,42,0,0,38,21,19,0,18,49,38,18,0,32,0,35,0,23,11,0,0,8,31,0,0,0,52,7
2019-11-03,0,0,0,0,0,0,46,3,0,0,0,0,0,0,49,0,0,21,12,0,12,0,0,0,38,16,0,0,0,0,0,0,0,0,0,14,33,0,0,0,0,9,0,10,32,3,0,0,0,22,0,89,0,0,0,46,32,0,0,45,44,7,0,35,0,29,21,17,0,0,0,9,28,0,4,0,26,5
2019-11-10,24,0,0,25,0,0,52,0,0,0,0,0,0,17,35,0,0,0,16,0,0,0,18,0,60,0,0,0,0,0,0,15,24,0,0,23,26,31,0,0,12,16,0,0,24,0,0,0,0,41,0,48,0,0,0,0,49,0,15,16,16,0,0,0,0,41,29,0,2,0,0,0,15,0,0,0,48,5
2019-11-17,0,0,25,0,0,2,51,2,0,0,0,0,0,0,16,0,58,0,24,0,0,0,17,0,38,19,0,0,17,0,0,0,43,0,0,0,30,0,0,0,9,0,0,0,38,0,0,0,0,36,0,65,27,0,0,29,35,0,0,45,24,11,0,52,0,33,15,28,3,0,0,0,36,0,0,0,49,8
2019-11-24,0,0,0,19,22,2,54,0,3,0,0,0,0,0,0,0,0,21,36,0,15,0,13,0,40,0,0,25,0,0,22,0,0,0,30,0,23,0,0,0,9,0,0,0,23,0,2,0,0,0,0,48,0,0,0,30,41,0,16,56,33,24,0,14,0,49,0,30,0,0,27,17,18,0,0,0,38,22
2019-12-01,0,0,19,0,0,3,58,2,0,0,0,0,0,17,16,38,0,35,0,0,0,0,0,17,42,30,0,0,0,0,0,40,26,0,16,11,30,0,0,0,0,0,0,0,22,2,0,0,0,27,0,50,24,0,20,0,47,0,34,47,34,10,0,12,0,38,34,40,3,0,0,7,28,0,0,0,39,100
2019-12-08,0,0,0,20,0,2,41,0,0,0,19,0,0,0,0,12,0,23,12,0,0,0,22,0,28,0,0,0,0,0,0,0,0,16,17,11,62,0,0,0,24,0,0,0,35,0,0,2,0,0,0,32,0,0,51,17,55,0,15,56,47,0,0,35,0,18,19,25,0,0,11,14,0,0,0,0,27,4
2019-12-15,0,0,0,0,17,2,55,4,0,0,0,0,0,0,15,17,0,0,18,0,0,0,0,0,36,0,0,0,53,0,19,0,76,0,0,8,23,0,0,0,12,9,0,0,26,0,3,0,0,0,0,40,11,0,0,0,36,0,19,26,17,16,0,31,0,18,18,18,0,0,0,0,0,0,0,0,42,8
2019-12-22,0,0,0,0,0,3,38,0,0,0,0,0,0,0,21,0,60,34,42,0,8,0,0,0,48,0,0,0,0,0,0,21,0,0,0,7,15,0,0,0,0,19,0,0,25,0,0,0,0,0,0,24,0,0,0,0,15,0,13,52,17,0,0,13,0,27,0,14,0,0,0,0,0,0,0,0,56,5
2019-12-29,0,0,0,0,0,0,42,2,3,0,30,0,0,0,0,0,0,33,19,0,0,0,18,0,30,0,0,36,0,0,0,23,0,0,0,0,38,0,0,0,9,0,0,0,33,3,3,0,0,13,0,54,13,0,0,0,30,0,0,41,0,0,0,14,0,45,0,25,0,0,34,12,0,0,0,0,33,10
2020-01-05,17,0,0,0,0,0,44,0,0,0,0,0,0,0,31,0,0,0,36,0,0,0,7,0,40,0,0,16,0,0,0,16,0,0,39,19,12,0,0,0,0,12,0,0,34,4,9,3,0,0,0,19,12,0,0,0,42,0,0,50,42,0,0,15,0,22,0,0,0,0,0,9,75,0,0,0,47,5
2020-01-12,0,0,17,0,0,2,49,2,3,0,17,0,0,0,0,31,0,17,0,0,0,0,0,0,31,0,0,38,0,0,0,22,0,41,0,10,22,0,0,0,15,22,0,0,26,0,5,0,0,15,0,32,0,0,0,0,49,0,8,34,34,7,0,26,0,46,30,0,0,0,0,0,18,0,0,0,40,7
2020-01-19,0,0,0,18,0,3,42,0,0,0,0,0,0,0,27,0,12,31,0,0,0,0,15,10,27,0,0,0,0,0,14,0,0,0,0,33,16,0,0,0,0,0,0,7,26,0,0,3,0,21,0,19,21,0,34,0,26,0,11,38,39,6,0,26,0,36,53,0,0,3,0,0,0,0,0,0,21,2
2020-01-26,0,0,0,0,0,0,55,0,0,0,0,0,0,26,0,0,0,20,0,0,0,0,0,0,59,0,0,18,0,0,0,0,0,0,0,29,42,14,0,0,9,17,0,8,28,0,0,0,0,16,0,0,0,0,36,0,40,0,7,33,37,14,0,39,0,28,32,0,0,8,0,0,0,0,0,0,46,9
2020-02-02,0,0,0,0,0,4,49,0,0,0,0,0,0,0,0,25,25,0,0,0,0,0,12,0,52,0,0,0,44,0,0,14,0,14,0,13,44,5,0,0,10,0,0,0,25,7,0,0,0,19,0,69,0,0,0,21,41,0,0,46,32,0,0,36,0,32,22,0,0,0,24,0,38,0,0,0,35,9
2020-02-09,0,0,0,13,0,8,57,6,0,0,0,0,0,0,0,13,0,0,36,0,0,0,0,0,46,26,0,13,37,0,14,0,30,0,0,18,19,15,0,0,0,13,0,0,32,5,0,0,0,0,0,52,18,0,0,18,44,0,8,48,27,0,0,26,0,25,0,0,4,0,0,0,18,0,5,0,48,0
2020-02-16,23,0,0,23,0,4,51,3,0,0,0,0,0,0,27,41,0,0,22,0,0,0,0,0,37,30,0,0,0,0,46,22,0,0,0,21,28,0,0,0,14,16,0,0,33,4,2,0,0,27,0,60,0,0,15,29,21,0,8,49,39,7,0,0,0,42,16,0,0,0,0,0,19,0,0,0,56,3
2020-02-23,0,0,0,33,0,3,64,2,0,0,0,0,0,28,13,16,63,0,22,0,7,0,0,0,45,0,0,0,0,0,21,0,0,0,0,18,20,5,0,0,14,0,0,9,27,4,0,0,0,0,0,41,0,0,0,0,34,0,43,38,18,35,0,28,0,54,0,0,2,0,0,0,31,0,0,0,32,6
2020-03-01,0,0,0,19,0,5,48,0,3,0,0,0,0,0,0,0,0,21,0,0,0,0,0,0,56,23,0,0,0,0,0,0,0,0,18,14,23,0,0,0,11,13,0,0,35,0,4,0,0,0,0,79,16,0,32,0,46,0,32,95,48,18,0,40,0,43,23,30,0,0,0,0,0,0,4,0,33,8
2020-03-08,0,0,0,0,0,0,53,3,0,0,16,0,0,0,41,18,0,19,16,0,0,0,0,0,59,0,0,20,14,0,0,0,0,0,0,7,19,0,0,0,0,27,0,0,36,3,4,3,0,0,0,26,0,0,0,0,32,0,0,32,31,8,0,13,0,50,0,0,0,0,9,0,21,0,0,0,31,2
2020-03-15,0,0,0,30,0,0,58,6,0,0,18,0,0,12,0,20,0,32,30,0,9,0,27,0,42,21,0,17,0,0,0,0,26,0,0,14,22,10,0,0,0,16,0,0,50,4,5,0,0,14,0,40,0,0,0,0,35,0,10,41,28,14,0,19,0,37,0,0,2,0,0,0,37,0,6,0,29,3
2020-03-22,0,0,0,31,0,2,65,9,0,0,0,0,0,0,0,0,17,40,28,0,0,0,0,0,41,0,0,21,27,0,0,0,20,0,0,27,24,0,0,0,18,11,0,0,33,3,5,0,0,0,0,80,31,0,23,0,37,0,10,68,58,37,0,18,0,34,0,20,0,0,7,0,0,0,0,0,32,0
2020-03-29,0,0,0,0,0,0,73,7,0,0,0,0,0,0,46,36,14,43,36,0,0,0,0,0,46,0,0,25,0,0,17,0,0,0,47,12,31,0,0,0,0,11,0,0,44,8,2,0,0,0,0,31,14,0,16,38,62,0,0,76,46,9,0,50,0,36,14,34,0,0,0,0,19,0,0,0,36,3
2020-04-05,0,0,0,0,26,0,88,8,0,0,30,0,0,0,0,23,35,37,34,0,0,0,0,0,77,0,0,33,32,0,29,0,0,0,14,17,48,0,0,0,0,0,0,0,55,0,9,0,0,10,0,78,0,0,0,17,46,0,23,65,63,32,0,45,0,53,0,0,0,0,0,0,27,0,0,0,40,0
2020-04-12,0,0,21,25,23,5,73,3,0,0,0,0,0,0,38,11,0,38,29,0,0,0,0,0,72,0,0,24,12,0,0,0,12,15,0,17,42,0,0,0,0,14,0,0,60,7,10,5,0,0,0,52,12,0,0,49,64,0,10,66,66,19,0,49,0,34,22,12,0,0,6,0,44,0,0,0,36,0
2020-04-19,0,0,0,30,12,0,85,4,0,0,20,0,0,0,57,42,0,33,23,0,0,0,0,7,72,0,0,48,51,0,18,0,50,0,0,22,40,10,0,0,11,0,0,0,61,2,0,0,0,0,0,50,10,0,32,35,40,0,16,54,47,13,0,31,0,49,0,0,0,0,0,0,0,0,6,0,80,0
2020-04-26,0,0,0,26,0,3,78,10,0,0,0,0,0,0,0,18,0,0,48,0,7,0,0,0,76,0,0,0,0,0,21,0,58,0,0,21,48,0,0,0,0,16,0,0,47,3,7,0,0,9,0,78,0,0,0,47,42,0,19,80,51,10,0,29,0,55,11,0,0,0,0,0,41,0,0,0,38,0
2020-05-03,0,0,0,28,17,0,86,4,3,0,0,0,0,0,48,0,0,45,52,0,0,0,17,8,53,0,0,27,0,0,0,21,0,21,0,26,28,0,0,0,8,14,0,8,56,0,2,3,0,13,0,20,10,0,14,19,55,0,24,71,55,9,0,26,0,41,37,0,0,0,0,9,40,0,0,0,79,0
2020-05-10,17,0,0,17,0,0,67,0,0,0,0,0,0,0,0,23,0,0,52,0,0,0,6,11,57,0,0,0,0,0,0,0,24,0,0,42,29,0,0,0,11,25,0,0,55,3,0,0,0,0,0,54,0,0,0,37,56,0,14,99,33,10,0,31,0,30,37,38,0,0,0,0,41,0,5,0,35,4
2020-05-17,0,0,0,23,19,4,76,3,0,0,36,0,0,0,39,16,19,39,14,0,0,0,0,7,64,18,0,19,0,0,0,0,15,26,0,16,39,0,0,0,18,21,0,0,46,0,5,0,0,0,0,46,0,0,0,14,46,0,20,70,43,25,0,35,0,53,0,0,0,0,0,0,35,0,0,0,38,3
2020-05-24,0,0,0,0,0,2,59,0,0,0,0,0,0,0,0,12,0,0,27,0,0,0,0,0,69,0,0,42,0,0,0,0,0,21,0,17,32,0,0,0,0,0,0,0,38,0,7,0,0,0,0,39,0,0,0,0,26,0,0,50,29,10,0,36,0,40,15,0,4,0,0,0,36,0,0,0,60,4
2020-05-31,0,0,0,24,0,2,59,0,0,0,0,0,0,0,31,21,10,16,38,0,14,0,0,0,77,0,0,20,0,0,23,0,27,26,17,23,30,8,0,0,0,37,0,9,42,0,0,0,0,13,0,44,16,0,0,0,41,0,14,41,9,13,0,15,0,50,61,15,2,0,9,0,35,0,4,0,27,2
2020-06-07,0,0,0,15,0,2,67,4,0,0,43,0,0,0,0,15,12,0,86,0,0,0,0,0,64,71,0,0,0,0,22,0,35,0,0,28,37,0,0,0,0,0,0,0,40,3,6,2,0,24,0,41,0,0,0,40,28,0,0,79,33,10,0,44,0,76,17,0,0,0,0,0,0,0,0,0,45,0
2020-06-14,13,0,18,0,0,0,71,0,0,0,0,0,0,0,21,37,11,35,28,0,0,0,0,0,47,13,0,22,14,0,0,0,0,15,0,26,31,0,0,0,9,0,0,0,41,12,0,3,0,0,0,11,16,0,25,14,48,0,8,74,35,13,0,36,0,32,35,0,0,12,0,0,43,0,0,0,45,3
2020-06-21,0,0,0,0,0,4,60,0,0,0,0,0,0,43,67,12,0,17,21,0,0,0,0,0,59,0,0,18,0,0,0,0,36,0,0,19,33,0,0,0,0,10,0,0,49,6,6,0,0,0,0,33,0,0,0,0,44,0,8,84,36,0,0,27,0,41,33,0,0,0,11,8,31,0,0,0,66,0
2020-06-28,20,0,14,0,0,3,60,3,0,0,21,0,0,0,0,16,33,0,74,0,0,0,0,0,43,0,0,21,0,0,0,0,15,24,0,13,39,0,0,0,8,0,0,0,49,2,5,0,0,12,0,76,0,0,20,0,8,0,0,64,52,19,0,24,0,62,30,0,0,0,10,0,23,0,0,0,60,4
2020-07-05,0,0,0,20,0,0,57,2,0,0,0,0,0,0,15,17,0,0,37,0,0,0,0,13,50,0,0,20,0,0,0,0,23,0,0,20,29,0,0,0,14,0,0,9,40,0,0,0,0,0,0,58,18,0,75,0,33,0,12,48,28,13,0,32,0,46,0,0,0,8,0,0,47,0,0,0,40,3
2020-07-12,0,0,0,15,0,3,72,3,0,0,22,0,0,22,14,0,0,0,52,0,7,0,0,0,53,0,0,32,20,0,20,0,28,0,43,9,31,0,0,0,13,25,0,14,39,5,3,3,0,0,0,42,25,0,0,0,43,0,10,52,17,11,0,37,0,71,0,0,0,0,0,0,0,0,4,0,48,0
2020-07-19,0,0,0,41,0,0,64,4,0,0,0,0,0,0,65,0,14,13,14,0,0,0,0,0,71,13,0,21,19,0,0,0,49,0,0,14,6,0,0,0,12,46,0,9,34,3,4,0,0,17,0,44,14,0,35,0,36,0,8,96,28,12,0,25,0,34,0,0,0,0,0,0,32,0,0,0,53,2
2020-07-26,44,0,0,0,0,0,63,5,0,0,0,0,0,0,22,12,17,0,22,0,6,0,0,0,100,0,0,31,26,0,0,0,0,52,0,19,49,0,0,0,10,0,0,0,38,3,7,0,0,0,0,44,0,0,0,0,47,0,0,50,25,0,0,30,0,40,0,13,0,9,25,8,51,0,5,0,50,0
2020-08-02,0,0,24,21,22,7,65,4,0,0,29,0,0,0,21,12,0,17,41,0,0,0,0,0,45,30,0,0,0,0,0,0,0,0,13,22,21,0,0,0,0,0,0,0,39,0,3,9,0,0,0,52,14,0,23,0,36,0,25,59,26,14,0,0,0,45,0,0,0,0,33,0,48,0,0,0,23,5
2020-08-09,0,0,0,13,18,0,62,2,0,0,33,0,0,46,0,0,12,0,16,0,0,0,0,0,43,0,0,39,0,0,0,15,23,0,0,12,37,8,0,0,0,12,0,0,24,0,0,0,0,0,0,52,0,0,33,53,27,0,18,48,19,12,0,28,0,31,18,24,0,0,0,0,55,0,0,0,53,3
2020-08-16,24,0,0,0,14,0,60,1,0,0,0,0,0,0,15,0,0,22,23,0,0,0,0,0,94,0,0,42,0,0,0,0,23,0,18,21,31,0,0,0,22,21,0,0,24,3,0,0,0,21,0,51,0,0,0,25,34,0,9,63,39,0,0,22,0,40,0,17,0,0,0,10,0,0,0,0,36,3
2020-08-23,31,0,0,46,0,2,68,0,0,0,0,0,0,0,64,0,0,22,13,0,0,0,0,0,46,0,0,50,0,0,41,0,0,0,30,17,33,29,0,0,23,14,0,8,34,5,2,0,0,0,0,65,0,0,0,0,53,0,29,48,47,0,0,33,0,53,0,16,2,0,0,0,22,0,0,0,54,3
2020-08-30,0,0,0,0,0,2,66,3,2,0,0,0,0,0,41,23,23,14,15,0,0,0,9,9,59,0,0,36,30,0,16,0,0,0,0,20,47,7,0,0,0,9,0,11,44,0,0,0,0,0,0,56,0,0,32,61,36,0,12,48,32,0,0,28,0,34,0,27,3,0,0,0,53,0,4,0,37,2
2020-09-06,0,0,0,0,0,4,74,8,3,0,33,0,0,37,75,0,0,18,0,0,0,0,0,9,76,0,0,0,0,0,0,0,41,22,0,19,20,0,0,0,0,17,0,0,34,2,0,0,0,0,0,30,15,0,22,0,48,0,13,73,46,18,0,40,0,44,76,12,0,0,16,0,65,0,20,0,63,0
2020-09-13,0,0,28,12,32,0,75,0,0,0,0,0,0,0,0,11,0,0,32,0,0,0,0,12,77,0,0,0,0,0,0,0,24,0,0,12,100,10,0,0,23,20,0,12,46,0,0,0,0,15,0,21,13,0,0,69,75,0,0,75,35,9,0,47,0,58,0,25,0,0,0,0,15,0,6,0,61,4
2020-09-20,0,0,0,0,42,3,73,3,0,0,46,0,0,73,35,22,0,0,38,0,9,0,9,0,47,0,0,0,0,0,0,0,0,0,0,24,70,0,0,0,0,9,0,0,31,0,4,0,0,23,0,66,0,0,30,21,45,0,29,74,45,17,0,33,0,56,27,16,0,0,0,0,36,0,0,0,43,4
2020-09-27,0,0,0,30,19,0,79,3,0,0,23,0,0,0,30,23,0,0,11,0,0,0,0,0,49,0,0,27,16,0,0,0,44,16,31,9,34,16,0,0,0,0,0,0,50,0,0,0,0,12,0,57,19,0,0,19,64,0,16,84,34,18,0,34,0,81,24,29,1,0,0,0,73,0,0,0,58,6
2020-10-04,0,0,46,0,29,0,73,5,0,0,0,0,0,0,0,33,0,28,31,0,0,0,0,0,89,0,0,45,0,0,0,0,20,0,0,9,41,0,0,0,17,100,0,8,35,0,5,0,0,0,0,95,0,0,0,0,51,0,30,63,47,9,0,51,0,36,0,0,0,3,9,0,94,0,0,0,55,0
2020-10-11,0,0,0,26,0,0,64,0,3,0,0,0,0,0,30,22,0,0,32,0,0,0,0,0,71,0,0,15,0,0,48,0,0,0,0,22,39,0,0,0,14,84,0,0,40,0,3,0,0,17,0,57,35,0,61,0,59,0,16,80,40,31,0,43,0,50,21,21,0,0,0,0,61,0,0,0,42,0
2020-10-18,0,0,18,47,0,0,69,2,0,0,67,0,0,0,71,21,0,20,0,0,8,0,0,0,59,30,0,32,0,0,0,0,0,38,14,12,18,5,0,0,19,31,0,0,40,0,0,0,0,14,0,63,16,0,0,94,32,0,0,60,50,20,0,15,0,48,0,0,0,2,0,0,33,0,5,0,58,0
2020-10-25,0,0,0,23,0,0,62,9,0,0,17,0,0,31,0,36,0,0,41,0,7,0,18,0,54,0,0,21,0,0,14,0,0,0,0,20,45,6,0,0,19,0,0,8,35,0,4,0,0,0,0,50,33,0,50,0,30,0,14,49,50,11,0,25,0,64,35,17,2,0,0,0,25,0,0,0,48,2
2020-11-01,0,0,16,0,15,2,100,2,0,0,0,0,0,0,15,0,0,12,33,0,6,0,0,20,32,0,0,17,20,0,13,0,0,15,48,0,27,0,0,0,0,8,0,0,34,0,11,0,0,13,0,17,0,0,0,0,54,0,7,59,29,17,0,34,0,57,37,11,4,0,0,0,17,0,0,0,48,3
2020-11-08,0,0,0,32,0,0,81,4,0,0,0,0,0,0,23,14,0,27,0,0,0,0,0,0,86,0,0,21,15,0,0,0,33,16,0,0,49,5,0,0,13,17,0,0,27,0,0,0,0,0,0,17,0,0,27,50,48,0,32,54,30,20,0,25,0,45,31,0,0,0,0,0,68,0,0,0,34,5
2020-11-15,0,0,0,0,0,0,66,3,0,0,0,0,0,0,0,0,12,25,25,0,14,0,8,0,71,0,0,35,24,0,21,19,0,34,0,21,48,8,0,0,31,20,0,0,37,6,6,0,0,0,0,44,0,0,0,15,16,0,17,55,37,8,0,15,0,40,15,19,0,0,0,0,42,0,0,0,40,7
2020-11-22,0,0,0,0,22,5,71,0,0,0,22,0,0,21,0,18,0,30,52,0,9,0,0,11,49,0,0,0,0,0,0,36,0,0,47,15,34,0,0,0,10,15,0,0,25,3,0,0,0,0,0,36,0,0,0,23,37,0,9,61,73,23,0,38,0,49,34,0,5,0,9,0,74,0,0,0,41,14
2020-11-29,0,0,21,24,0,0,58,3,0,0,32,0,0,13,53,14,27,18,31,0,12,0,7,11,57,0,0,14,36,0,0,0,39,14,0,9,26,0,0,0,0,9,0,9,22,0,2,7,0,12,0,60,0,0,35,0,50,0,26,42,50,8,0,52,0,55,18,12,4,0,0,13,43,0,0,0,26,37
2020-12-06,0,0,20,20,0,0,76,6,0,0,0,0,0,57,0,69,0,0,0,0,8,0,8,0,61,0,0,28,0,0,0,0,25,21,0,16,36,15,0,0,0,16,0,0,35,4,4,0,0,0,0,23,14,0,20,0,43,0,28,50,43,0,0,31,0,28,32,17,0,0,8,11,39,0,0,0,12,14
2020-12-13,0,0,41,26,0,5,67,8,0,0,0,0,0,0,14,0,0,20,0,0,0,0,0,0,58,0,0,0,0,0,0,0,0,0,0,29,45,0,0,0,0,19,0,8,44,0,7,0,0,0,0,34,0,0,0,0,26,0,17,67,58,18,0,39,0,41,0,0,0,0,0,8,68,0,0,0,36,11
2020-12-20,0,0,0,0,0,4,44,12,0,0,26,0,0,0,0,0,0,0,71,0,13,0,0,0,80,19,0,32,0,0,25,34,0,0,0,9,41,0,0,0,0,0,0,0,100,3,8,3,0,35,0,61,14,0,0,0,28,0,0,49,45,25,0,30,0,32,37,19,0,0,9,0,26,0,0,0,0,11
2020-12-27,36,0,0,0,26,0,54,5,2,0,0,0,0,0,41,14,0,0,82,0,0,0,15,0,69,0,0,37,0,0,50,0,0,0,0,15,25,21,0,0,0,18,0,0,48,4,0,0,0,32,0,81,17,0,0,0,44,0,0,41,56,0,0,22,0,49,22,19,0,0,0,0,14,0,0,0,37,5
2021-01-03,0,0,0,26,0,0,63,3,0,0,0,0,0,15,0,35,0,34,0,0,0,0,0,10,64,32,0,25,0,0,0,0,61,21,14,8,33,9,0,0,0,16,0,7,58,3,0,0,0,0,0,69,0,0,20,0,30,0,7,65,42,9,0,16,0,50,0,0,3,0,17,20,42,0,8,0,28,0
2021-01-10,0,0,0,0,0,0,70,7,3,0,0,0,0,16,0,0,0,26,22,0,14,0,0,0,56,0,0,24,0,0,0,0,0,0,0,11,30,0,0,0,8,0,0,0,44,0,0,0,0,13,0,63,0,0,34,23,19,0,12,32,54,18,0,37,0,47,31,17,0,0,24,0,25,0,0,0,44,4
2021-01-17,0,0,0,0,0,0,71,0,5,0,0,0,0,0,36,15,0,0,47,0,20,0,0,0,68,0,0,0,0,0,23,14,0,0,24,16,45,7,0,0,33,0,0,0,44,0,5,0,0,0,0,65,21,0,0,0,66,0,10,29,41,17,0,26,0,49,0,0,0,0,0,7,18,0,6,0,36,3
2021-01-24,0,0,0,24,35,0,64,6,0,0,15,0,0,0,13,50,0,0,65,0,0,0,0,10,61,16,0,52,0,0,18,0,37,0,30,6,29,0,0,0,17,0,0,9,42,0,0,0,0,0,0,72,0,0,0,0,24,0,35,54,30,15,0,24,0,48,0,21,0,5,0,0,0,0,6,0,45,0
2021-01-31,21,0,0,0,0,0,77,3,2,0,17,0,0,16,35,13,0,49,39,0,0,0,0,0,84,0,0,26,13,0,0,0,0,0,0,5,37,5,0,0,12,0,0,9,35,0,10,0,0,16,0,41,0,0,25,35,31,0,10,66,51,6,0,42,0,48,0,14,0,0,10,0,54,0,5,0,48,0
2021-02-07,0,0,14,0,0,0,65,4,0,0,0,0,0,0,18,0,24,0,48,0,0,0,8,0,52,0,0,54,17,0,0,0,0,0,0,0,19,0,0,0,28,0,0,9,44,4,5,0,0,22,0,38,28,0,25,63,38,0,0,78,52,16,0,30,0,50,16,0,0,0,0,20,45,0,0,0,49,8
2021-02-14,18,0,0,13,0,0,69,0,0,0,31,0,0,0,44,0,0,22,26,0,0,0,0,39,25,0,0,28,17,0,0,0,0,0,37,0,20,6,0,0,0,0,0,24,32,3,7,0,0,0,0,36,0,0,73,0,27,0,0,17,43,14,0,49,0,51,33,60,0,0,10,0,51,0,0,0,25,0
2021-02-21,15,0,0,18,0,1,71,3,0,0,30,0,0,0,62,12,0,16,56,0,6,0,14,0,59,30,0,56,0,0,22,0,17,0,0,19,39,0,0,0,15,17,0,0,44,10,0,0,0,23,0,42,0,0,0,0,41,0,8,37,35,28,0,45,0,52,69,19,0,0,0,0,0,0,0,0,67,8
2021-02-28,0,0,0,0,0,0,71,2,0,0,0,0,0,0,20,16,0,0,43,0,8,0,0,29,56,0,0,16,0,0,0,0,34,0,0,10,24,9,0,0,0,21,0,35,44,0,0,0,0,0,0,68,0,0,23,45,24,0,24,33,48,0,0,52,0,54,20,0,0,0,0,0,25,0,7,0,45,0
2021-03-07,0,0,0,0,0,0,78,3,0,0,16,0,0,0,17,0,17,0,0,0,0,0,0,0,48,0,0,28,0,0,0,0,17,0,23,0,32,0,0,0,0,0,0,0,36,0,0,0,0,0,0,10,0,0,52,29,33,0,15,32,37,26,0,39,0,64,28,0,3,0,7,0,34,0,0,0,37,3
2021-03-14,0,0,0,38,0,0,68,3,0,0,0,0,0,0,17,0,0,0,0,0,0,0,0,12,46,0,0,65,0,0,0,0,12,0,0,15,22,0,0,0,0,0,0,8,29,0,0,0,0,0,0,45,34,0,0,33,39,0,25,49,25,12,0,0,0,48,0,13,2,0,0,0,33,0,10,0,56,0
2021-03-21,36,0,0,44,19,4,84,0,0,0,33,0,0,33,44,60,0,56,35,0,0,0,10,6,66,0,0,44,0,0,0,0,18,29,16,19,34,0,0,0,17,27,0,0,41,2,0,0,0,25,0,55,0,0,0,17,47,0,0,41,39,0,0,47,0,41,0,29,0,0,0,0,12,0,0,0,19,4
2021-03-28,0,0,0,0,38,0,71,8,0,0,0,0,0,27,0,0,0,0,23,0,22,0,0,0,56,0,0,26,0,0,0,0,26,0,0,9,20,0,0,0,0,22,0,11,37,0,2,0,0,31,0,49,0,0,0,0,19,0,12,33,47,21,0,21,0,55,17,41,5,0,0,0,0,0,0,0,25,6
2021-04-04,26,0,0,42,38,2,71,2,0,0,0,0,0,0,34,0,0,0,17,0,10,0,0,39,68,0,0,38,0,0,0,0,39,56,0,22,31,0,0,0,9,15,0,0,48,0,0,0,0,0,0,33,0,0,0,0,49,0,13,77,46,0,0,11,0,53,0,0,0,4,0,0,0,0,11,0,42,3
2021-04-11,0,0,0,0,0,6,68,0,2,0,0,0,0,0,37,0,0,29,19,0,0,0,7,0,54,21,0,21,0,0,0,20,57,0,0,18,24,0,0,0,15,9,0,0,47,3,7,9,0,10,0,33,14,0,0,0,49,0,16,49,45,12,0,24,0,54,17,27,0,0,12,9,35,0,0,0,39,4
2021-04-18,0,0,0,39,0,0,76,2,0,0,0,0,0,0,51,0,0,13,28,0,0,0,0,0,40,28,0,39,0,0,16,0,45,0,0,23,23,0,0,0,14,0,0,0,51,0,4,0,0,10,0,36,18,0,0,58,42,0,35,54,27,13,0,33,0,64,37,25,0,0,20,0,53,0,0,0,43,0
2021-04-25,50,0,0,50,0,0,72,3,0,0,0,0,0,0,22,0,0,0,18,0,0,0,0,0,53,0,0,85,0,0,0,0,14,0,36,0,32,0,0,0,22,23,0,0,43,4,4,0,0,20,0,36,12,0,0,0,28,0,20,96,72,0,0,14,0,60,28,17,0,0,0,0,100,0,0,0,45,6
2021-05-02,0,0,0,0,0,2,69,0,1,0,0,0,0,0,22,16,0,14,0,0,12,0,0,0,72,0,0,0,0,0,0,0,0,0,55,13,50,0,0,0,13,13,0,0,41,14,0,0,0,0,0,17,27,0,0,27,43,0,22,81,38,21,0,32,0,58,49,0,0,0,8,0,27,0,0,0,50,0
2021-05-09,27,0,0,0,0,3,78,7,0,0,0,0,0,0,81,41,0,20,38,0,12,0,0,18,38,13,0,0,18,0,16,0,66,0,0,14,23,0,0,0,0,22,0,0,34,5,0,0,0,0,0,45,0,0,27,39,17,0,11,29,42,0,0,22,0,41,30,0,0,0,0,0,89,0,5,0,62,10
2021-05-16,0,0,0,21,35,0,64,2,2,0,14,0,0,0,39,0,0,0,0,0,0,0,0,0,51,0,0,24,34,0,23,15,0,0,0,28,28,14,0,0,0,0,0,0,37,0,3,0,0,0,0,42,0,0,0,0,33,0,9,47,71,13,0,38,0,77,31,12,3,0,0,0,32,0,5,0,74,5
2021-05-23,0,0,15,94,13,0,73,2,0,0,22,0,0,0,0,0,16,16,27,0,0,0,0,0,50,0,0,22,15,0,0,0,15,0,18,15,34,0,0,0,0,11,0,17,25,13,14,0,0,12,0,46,16,0,0,0,36,0,0,46,59,19,0,22,0,53,13,0,0,3,0,0,45,0,0,0,69,6
2021-05-30,0,0,0,19,0,0,57,8,0,0,0,0,0,0,45,30,0,15,48,0,0,0,0,0,45,13,0,22,56,0,0,14,27,0,0,17,15,0,0,0,9,0,0,0,29,4,3,0,0,0,0,47,0,0,0,0,63,0,11,73,39,0,0,33,0,70,0,42,2,8,21,11,38,0,0,0,43,4
2021-06-06,0,0,0,17,0,0,52,3,4,0,26,0,0,35,0,40,0,31,26,0,0,0,0,0,57,0,0,23,0,0,0,24,15,44,0,19,44,0,0,0,0,22,0,0,34,0,0,0,0,21,0,36,16,0,19,0,47,0,12,29,43,0,0,16,0,62,43,27,0,0,8,0,17,0,0,0,42,5
2021-06-13,0,0,0,36,17,0,54,0,0,0,0,0,0,0,34,0,0,22,0,0,0,0,0,0,49,0,0,26,0,0,31,0,0,0,20,14,39,0,0,0,0,0,0,0,25,0,0,0,0,13,0,83,17,0,21,43,39,0,18,25,31,16,0,23,0,61,27,0,0,5,0,10,23,0,0,0,51,4
2021-06-20,47,0,0,84,0,0,48,0,2,0,0,0,0,21,0,0,16,20,0,0,7,0,0,6,49,0,0,0,0,0,0,0,0,0,0,18,26,6,0,0,0,22,0,0,31,5,3,0,0,0,0,56,20,0,0,0,51,0,15,52,13,7,0,42,0,60,0,34,0,0,0,0,25,0,13,0,41,5
2021-06-27,56,0,0,36,0,0,48,6,0,0,18,0,0,16,0,0,20,0,46,0,0,0,0,7,53,0,0,36,54,0,0,0,0,0,17,14,23,9,0,0,9,16,0,0,32,0,0,0,0,0,0,36,0,0,19,18,32,0,11,38,48,0,0,21,0,82,20,0,0,6,0,0,14,0,0,0,28,0
2021-07-04,71,0,0,25,31,3,49,5,5,0,44,0,0,0,15,59,35,28,17,0,8,0,7,10,24,0,0,26,0,0,26,0,0,0,0,12,12,0,0,0,0,14,0,0,27,0,0,4,0,28,0,71,0,0,33,0,28,0,21,51,28,13,0,29,0,43,0,21,0,0,0,0,28,0,0,0,28,4
2021-07-11,0,0,0,0,0,0,55,0,0,0,0,0,0,14,0,0,0,25,26,0,0,0,0,0,53,43,0,22,16,0,18,0,0,0,0,24,29,8,0,0,27,31,0,0,31,0,5,0,0,16,0,50,37,0,31,55,25,0,15,58,29,27,0,40,0,50,0,25,0,0,0,0,32,0,0,0,19,4
2021-07-18,0,0,35,37,0,6,46,0,0,0,0,0,0,0,0,14,0,13,25,0,0,0,22,8,70,0,0,49,0,0,0,0,52,0,0,9,60,10,0,0,0,0,0,8,30,8,8,0,0,19,0,27,0,0,0,21,52,0,0,37,42,16,0,23,0,44,15,17,7,0,0,0,40,0,0,0,51,7
2021-07-25,0,0,0,28,0,0,50,3,0,0,0,0,0,0,0,44,22,0,0,0,0,0,0,0,50,0,0,0,21,0,0,17,0,0,0,17,22,0,0,0,0,0,0,0,36,11,4,4,0,0,0,59,13,0,0,19,31,0,12,41,15,12,0,60,0,42,0,0,0,5,0,0,30,0,0,0,62,8
2021-08-01,0,0,0,0,0,4,48,5,0,0,0,0,0,0,15,0,0,12,22,0,0,0,7,0,57,0,0,27,18,0,0,0,0,0,31,22,47,0,0,0,10,0,0,13,36,0,6,0,0,0,0,46,0,0,27,0,32,0,7,64,62,7,0,27,0,50,0,15,0,0,0,0,46,0,0,0,45,7
2021-08-08,0,0,0,0,0,0,57,3,0,0,22,0,0,0,18,33,0,19,13,0,0,0,0,0,65,0,0,26,16,0,23,0,0,0,0,13,25,0,0,0,0,10,0,0,27,0,5,4,0,0,0,23,0,0,0,17,26,0,0,77,8,16,0,0,0,43,35,0,0,9,0,11,52,0,0,0,44,7
2021-08-15,17,0,18,0,0,2,54,0,0,0,0,0,0,0,21,15,0,23,0,0,0,0,0,17,45,0,0,0,0,0,0,14,17,15,65,0,18,0,0,0,12,16,0,0,32,0,3,0,0,0,0,29,25,0,0,25,59,0,27,36,21,0,0,37,0,47,0,0,5,0,0,0,17,0,5,0,34,4
2021-08-22,0,0,0,0,15,3,55,0,3,0,0,0,0,0,26,33,0,17,0,0,9,0,0,0,86,0,0,26,0,0,0,20,0,18,0,20,10,0,0,0,0,0,0,0,38,0,0,0,0,0,0,41,17,0,18,0,30,0,0,36,0,17,0,31,0,36,35,39,3,0,0,0,50,0,0,0,15,0
2021-08-29,0,0,0,0,0,2,61,3,0,0,0,0,0,0,34,0,0,27,21,0,0,0,0,0,66,20,0,33,27,0,0,0,29,16,0,15,36,0,0,0,9,12,0,0,32,0,0,0,0,17,0,0,0,0,32,0,39,0,36,20,41,20,0,33,0,44,29,19,0,13,0,12,0,0,0,0,45,4
2021-09-05,0,0,0,63,0,3,65,3,4,0,18,0,0,0,0,42,0,52,17,0,0,0,8,0,48,15,0,0,0,0,38,0,0,0,30,13,36,18,0,0,0,9,0,0,27,0,6,0,0,0,0,40,27,0,0,0,43,0,20,47,25,0,0,39,0,30,15,0,4,3,0,0,0,0,0,0,33,0
2021-09-12,0,0,0,16,15,0,55,3,0,0,0,0,0,0,16,28,0,34,0,0,9,0,0,0,42,0,0,0,0,0,0,0,0,0,0,13,30,31,0,0,0,0,0,0,27,0,0,0,0,0,0,16,29,0,0,69,47,0,13,69,43,9,0,41,0,36,0,27,3,0,0,8,48,0,0,0,67,16
2021-09-19,0,0,0,14,0,0,69,2,0,0,0,0,0,0,0,0,0,0,14,0,0,0,8,0,70,0,0,23,0,0,0,0,19,0,0,0,22,11,0,0,0,0,0,0,33,0,0,0,0,0,0,30,0,0,0,0,49,0,0,39,35,11,0,36,0,46,27,37,0,0,0,0,44,0,18,0,15,9
2021-09-26,28,0,0,20,20,3,59,2,0,0,0,0,0,0,0,19,31,0,14,0,17,0,0,7,33,42,0,17,18,0,0,0,28,0,17,14,33,14,0,0,0,0,0,0,22,3,3,0,0,11,0,19,0,0,31,17,46,0,28,63,50,0,0,56,0,45,44,0,3,6,0,0,78,0,0,0,19,0
2021-10-03,0,0,0,0,0,2,60,5,0,0,20,0,0,0,26,30,33,18,25,0,0,0,0,0,26,0,0,15,21,0,0,0,0,37,0,16,29,0,0,0,0,18,0,9,23,0,9,0,0,0,0,26,15,0,0,17,0,0,36,39,42,18,0,25,0,33,14,0,2,0,0,0,38,0,0,0,36,0
2021-10-10,32,0,0,21,0,0,69,5,0,0,0,0,0,0,20,0,0,14,0,0,0,0,0,0,39,0,0,24,0,0,0,0,0,33,0,0,43,9,0,0,0,9,0,0,26,0,10,0,0,0,0,42,0,0,0,0,53,0,0,64,69,19,0,50,0,40,0,16,0,0,8,21,0,0,0,0,80,10
2021-10-17,20,0,0,0,0,13,72,2,0,0,25,0,0,0,27,0,20,23,13,0,0,0,0,0,43,0,0,43,28,0,18,17,0,0,0,26,29,7,0,0,0,0,0,14,43,5,9,0,0,15,0,29,12,0,28,20,35,0,0,59,23,13,0,33,0,58,0,0,0,3,0,0,67,0,15,0,19,7
2021-10-24,0,0,20,23,22,3,67,12,0,0,26,0,0,0,0,33,0,30,25,0,11,0,0,13,40,0,0,0,0,0,0,0,23,0,0,8,30,0,0,0,18,0,0,0,35,3,0,0,0,0,0,59,17,0,0,27,54,0,15,45,29,0,0,25,0,75,52,0,0,0,0,0,17,0,0,0,83,13
2021-10-31,0,0,0,26,0,2,61,0,0,0,0,0,0,0,0,20,0,0,26,0,0,0,14,0,55,89,0,20,0,0,0,0,19,0,0,16,18,7,0,0,15,33,0,0,34,0,8,3,0,0,0,60,22,0,88,58,32,0,19,54,40,13,0,37,0,43,14,0,2,0,17,0,55,0,0,0,13,8
2021-11-07,0,0,16,0,0,2,64,0,2,0,31,0,0,40,0,0,0,16,20,0,13,0,0,0,62,0,0,0,0,0,0,0,0,0,0,7,45,0,0,0,16,16,0,0,27,3,0,0,0,0,0,50,0,0,0,0,40,0,23,65,46,0,0,56,0,59,0,0,0,3,0,20,23,0,0,0,81,5
2021-11-14,0,0,0,17,0,0,72,3,4,0,0,0,0,0,0,0,0,0,18,0,0,0,0,11,63,0,0,19,0,0,0,0,0,29,0,13,39,0,0,0,12,21,0,0,34,0,0,0,0,0,0,53,25,0,0,0,28,0,20,48,56,14,0,69,0,60,0,51,0,0,0,0,40,0,0,0,21,6
2021-11-21,0,0,0,19,0,0,76,0,0,0,0,0,0,0,34,25,0,0,27,0,10,0,0,0,67,0,0,19,67,0,22,16,0,0,16,0,22,0,0,0,9,13,0,0,24,9,0,4,0,0,0,29,0,0,0,0,32,0,0,64,36,0,0,46,0,46,0,17,2,0,0,9,34,0,0,0,39,8
2021-11-28,0,0,19,21,0,0,60,3,0,0,0,0,0,43,63,0,0,60,16,0,0,0,0,0,67,0,0,0,37,0,0,30,0,0,0,18,37,0,0,0,21,8,0,0,27,3,6,0,0,21,0,32,0,0,35,0,0,0,21,74,71,14,0,58,0,54,16,23,0,7,0,8,47,0,0,0,35,53
2021-12-05,0,0,0,40,0,0,62,3,0,0,0,0,0,0,44,14,0,0,0,0,0,0,0,7,48,39,0,34,0,0,0,17,0,0,0,17,41,5,0,0,0,0,0,0,36,4,0,0,0,0,0,0,32,0,0,0,55,0,30,32,62,0,0,61,0,66,0,0,0,4,11,0,17,0,0,0,30,8
2021-12-12,0,0,0,25,0,7,70,0,0,0,0,0,0,0,0,20,0,0,24,0,0,0,0,0,54,17,0,33,18,0,0,23,27,0,0,25,19,6,0,0,0,13,0,0,27,3,6,3,0,0,0,36,0,0,0,0,56,0,0,20,66,0,0,8,0,76,0,15,7,0,0,0,51,0,0,0,35,6
2021-12-19,0,0,0,32,0,0,51,4,0,0,23,0,0,0,0,0,0,0,0,0,0,0,0,0,50,0,0,48,21,0,0,0,27,0,0,0,38,0,0,0,0,0,0,0,23,0,3,0,0,0,0,60,0,0,0,25,17,0,0,24,42,36,0,34,0,26,0,31,0,4,0,0,0,0,0,0,17,6
2021-12-26,0,0,0,0,16,0,40,5,2,0,0,0,0,0,17,0,0,0,17,0,0,0,21,8,33,0,0,0,0,0,0,0,0,0,0,0,36,12,0,0,17,12,0,0,21,8,0,0,0,0,0,47,27,0,0,32,15,0,0,37,23,14,0,23,0,53,0,0,0,0,0,0,0,0,0,0,38,0
2022-01-02,0,0,36,0,15,5,65,7,3,0,23,0,0,0,30,0,0,21,21,0,10,0,0,0,46,0,0,51,0,0,23,16,0,0,0,24,27,0,0,0,20,11,0,0,35,0,3,0,0,0,0,0,22,0,22,0,45,0,26,54,67,20,0,53,0,92,47,34,0,0,0,12,28,0,0,0,66,0
2022-01-09,0,0,21,69,0,3,73,4,0,0,20,0,0,27,31,27,0,0,0,0,0,0,0,0,51,0,0,25,0,0,0,23,0,0,22,22,41,0,0,0,14,12,0,0,30,5,0,0,0,21,0,41,0,0,0,0,73,0,21,100,66,0,0,100,0,70,31,0,4,0,16,0,47,0,0,0,96,0
2022-01-16,0,0,0,16,0,8,73,0,0,0,0,0,0,28,40,0,14,28,30,0,0,0,0,0,67,0,0,26,0,0,0,23,54,0,46,33,51,37,0,0,24,19,0,0,34,2,4,0,0,0,0,37,0,0,20,0,70,0,18,74,40,7,0,74,0,100,19,0,0,0,12,28,37,0,0,0,74,6
2022-01-23,0,0,0,28,13,7,88,0,3,0,0,0,0,0,29,22,21,64,42,0,9,0,0,16,57,28,0,38,0,0,0,16,0,0,13,12,66,0,0,0,8,12,0,0,28,3,0,0,0,0,0,39,41,0,17,29,48,0,22,97,42,17,0,55,0,62,22,27,0,0,14,0,42,0,4,0,53,7
2022-01-30,0,0,0,24,0,0,76,7,0,0,0,0,0,0,47,32,0,0,0,0,0,0,15,16,71,0,0,25,0,0,20,0,31,36,31,20,62,22,0,0,0,27,0,40,38,8,0,0,0,0,0,100,30,0,27,61,65,0,0,49,62,12,0,44,0,56,24,63,6,0,40,0,81,0,0,0,52,0
2022-02-06,0,0,0,19,0,0,76,6,0,0,21,0,0,0,88,17,19,21,60,0,0,0,0,13,57,0,0,0,23,0,16,0,0,27,21,23,33,8,0,0,0,14,0,0,31,0,11,0,0,0,0,22,28,0,0,0,77,0,25,85,55,20,0,53,0,72,23,17,0,0,23,0,63,0,6,0,87,11
2022-02-13,0,0,0,23,16,0,88,4,0,0,37,0,0,0,64,0,23,31,47,0,0,0,0,0,63,0,0,29,17,0,0,27,25,0,0,35,41,0,0,0,8,17,0,11,34,7,0,3,0,27,0,65,0,0,0,18,86,0,36,68,77,28,0,52,0,83,0,14,0,2,11,0,32,0,0,0,63,5
2022-02-20,0,0,16,43,0,3,84,3,2,0,11,0,0,0,30,34,10,42,17,0,19,0,11,13,39,0,0,0,36,0,25,36,0,0,0,12,46,8,0,0,8,19,0,14,36,3,0,3,0,27,0,33,0,0,14,20,54,0,26,67,61,0,0,48,0,95,0,0,2,0,0,0,28,0,0,0,74,8
2022-02-27,0,0,0,56,16,0,94,0,0,0,11,0,0,0,11,35,48,14,26,0,26,0,0,24,77,0,0,21,0,0,13,11,0,0,0,23,35,20,0,0,0,27,0,0,37,2,3,0,0,0,0,55,28,0,0,0,62,0,45,54,67,17,0,70,0,90,0,22,0,0,0,0,32,0,3,0,58,3
2022-03-06,0,0,0,17,13,3,84,3,3,0,0,0,0,0,34,61,14,0,29,0,12,0,17,9,59,0,0,35,11,0,22,14,0,0,35,17,70,9,0,0,11,25,0,14,24,5,0,5,0,13,0,54,0,0,0,45,55,0,35,63,60,14,0,35,0,66,35,29,0,5,0,0,49,0,5,0,63,7
2022-03-13,0,0,18,26,0,1,78,2,0,0,0,0,0,0,41,35,0,0,35,0,0,0,0,0,60,20,0,53,0,0,0,24,12,0,0,17,45,7,0,0,19,30,0,0,29,3,5,0,0,10,0,53,0,0,22,20,58,0,29,57,47,12,0,63,0,54,44,22,0,0,0,0,0,0,0,0,80,3
2022-03-20,0,0,0,54,0,0,88,2,0,0,0,0,0,0,11,0,0,33,0,0,11,0,15,9,75,0,0,41,0,0,11,12,0,11,0,14,54,0,0,0,7,24,0,18,30,2,0,0,0,19,0,73,0,0,20,17,57,0,34,75,51,19,0,57,0,70,21,0,0,0,0,0,45,0,5,0,63,3
2022-03-27,17,0,12,41,0,2,90,3,0,0,0,0,0,0,36,28,24,41,27,0,0,0,0,9,69,0,0,17,16,0,29,0,14,0,0,14,65,0,0,0,8,13,0,0,25,5,2,0,0,8,0,74,0,0,15,0,66,0,27,63,65,13,0,36,0,72,40,31,0,0,0,0,40,0,0,0,72,0
2022-04-03,0,0,14,41,0,4,76,4,0,0,0,0,0,0,34,21,10,19,38,0,0,0,13,0,63,0,0,36,0,0,26,19,0,0,0,31,43,4,0,0,0,21,0,0,40,6,4,3,0,14,0,78,22,0,0,0,53,0,30,79,83,10,0,72,0,82,32,35,0,2,7,7,38,0,8,0,68,4
2022-04-10,0,0,0,29,0,2,65,3,4,0,0,0,0,0,17,24,24,0,37,0,0,0,14,0,50,0,0,22,16,0,18,25,0,38,0,23,44,0,0,0,9,14,0,0,31,4,4,0,0,0,0,37,0,0,0,22,78,0,31,55,73,0,0,27,0,78,0,11,0,0,0,0,38,0,0,0,49,3
2022-04-17,0,0,0,22,10,3,84,4,0,0,18,0,0,0,57,16,17,24,12,0,15,0,0,0,56,19,0,30,12,0,0,0,27,21,0,19,34,0,0,0,15,15,0,0,27,10,2,0,0,40,0,39,27,0,12,0,61,0,32,52,62,36,0,69,0,65,0,0,2,0,0,0,35,0,0,0,64,4
2022-04-24,14,0,0,21,15,0,86,5,3,0,0,0,0,0,32,11,16,27,21,0,8,0,0,0,66,0,0,17,19,0,0,0,0,20,0,18,54,6,0,0,0,17,0,0,32,2,6,5,0,0,0,54,53,0,26,28,65,0,34,56,79,21,0,73,0,88,39,0,0,2,0,13,51,0,5,0,43,3
2022-05-01,21,0,10,69,13,2,86,1,0,0,29,0,0,0,34,46,32,25,19,0,0,0,5,8,67,38,0,0,22,0,0,20,17,0,0,19,43,9,0,0,16,0,0,8,29,2,3,0,0,9,0,51,19,0,22,13,65,0,24,60,48,0,0,74,0,56,20,19,5,0,0,20,27,0,12,0,25,0
2022-05-08,0,0,35,69,0,4,82,5,0,0,0,0,0,0,50,14,12,21,17,0,0,0,0,0,68,0,0,10,0,0,12,16,15,0,0,28,25,10,0,0,0,15,0,12,33,7,0,4,0,7,0,35,17,0,16,19,36,0,35,52,62,30,0,28,0,61,22,0,4,2,0,7,30,0,0,0,52,3
2022-05-15,0,0,0,25,0,2,73,5,0,0,0,0,0,14,39,23,43,37,0,0,6,0,0,6,63,12,0,0,32,0,0,0,16,0,0,21,25,0,0,0,0,20,0,0,34,7,5,0,0,0,0,48,11,0,21,0,28,0,0,54,68,0,0,37,0,69,19,11,0,0,0,0,42,0,0,0,61,9
2022-05-22,0,0,0,40,0,3,71,3,0,0,13,0,0,39,0,32,11,28,28,0,19,0,0,0,45,15,0,59,20,0,33,0,0,0,0,26,29,0,0,0,15,16,0,0,33,8,0,0,0,25,0,36,9,0,46,18,41,0,23,58,43,31,0,25,0,62,21,33,0,0,7,13,38,0,4,0,47,4
2022-05-29,0,0,16,0,13,0,62,7,0,0,13,0,0,0,13,22,0,0,40,0,0,0,0,0,72,0,0,0,30,0,0,0,0,21,26,12,23,8,0,0,0,0,0,0,24,5,5,0,0,10,0,79,0,0,18,43,34,0,14,46,49,18,0,49,0,74,20,35,0,7,0,0,26,0,0,0,48,4
2022-06-05,0,0,0,0,26,2,70,0,0,0,0,0,0,0,18,34,0,0,54,0,0,0,0,6,35,0,0,34,0,0,12,16,0,12,0,16,24,20,0,0,31,0,0,0,28,2,0,0,0,22,0,45,22,0,96,13,47,0,27,69,46,14,0,47,0,67,24,11,0,0,0,0,0,0,0,0,47,16
2022-06-12,32,0,0,25,0,0,68,1,0,0,15,0,0,0,37,27,16,0,28,0,7,0,0,0,52,15,0,0,0,0,31,0,0,12,0,11,27,0,0,0,12,8,0,0,30,5,2,0,0,22,0,22,20,0,0,0,54,0,25,43,43,20,0,62,0,60,25,0,0,8,13,0,31,0,0,0,32,0
2022-06-19,0,0,14,54,0,2,67,0,3,0,0,0,0,0,25,38,15,0,31,0,24,0,0,9,50,0,0,0,0,0,0,18,0,0,18,20,37,0,0,0,0,9,0,0,26,0,2,0,0,20,0,76,13,0,0,14,57,0,39,39,76,21,0,42,0,59,36,15,0,0,17,0,0,0,8,0,73,6
2022-06-26,17,0,20,24,28,4,61,2,0,0,19,0,0,0,31,0,16,16,14,0,8,0,0,9,58,0,0,0,16,0,24,23,0,0,0,11,49,0,0,0,19,11,0,18,29,0,0,0,0,22,0,19,14,0,0,63,46,0,32,55,29,11,0,53,0,49,20,50,0,0,7,0,25,0,0,0,39,0
2022-07-03,0,0,0,40,0,2,60,3,2,0,15,0,0,0,17,15,33,0,43,0,0,0,0,0,25,37,0,19,0,0,0,15,0,0,0,37,27,0,0,0,13,11,0,12,26,0,0,0,0,27,0,37,17,0,0,59,52,0,14,47,37,14,0,31,0,46,0,16,0,0,26,0,46,0,0,0,21,4
2022-07-10,0,0,0,30,0,0,55,2,0,0,18,0,0,0,0,14,18,55,0,0,0,0,10,15,68,0,0,0,0,0,16,0,0,0,0,25,30,0,0,0,12,13,0,30,34,3,0,0,0,23,0,0,9,0,0,36,58,0,16,42,35,0,0,51,0,48,0,11,0,0,0,12,17,0,0,0,59,8
2022-07-17,0,0,0,44,19,4,62,2,0,0,0,0,0,0,26,16,18,16,18,0,0,0,0,0,53,0,0,0,0,0,0,0,0,16,0,0,26,0,0,0,0,31,0,7,31,3,0,0,0,0,0,18,0,0,0,0,70,0,0,45,44,25,0,35,0,47,0,0,0,3,0,0,11,0,12,0,40,0
2022-07-24,0,0,0,44,0,0,51,2,0,0,29,0,0,0,18,24,26,13,28,0,0,0,0,9,64,0,0,32,13,0,20,41,52,0,0,27,53,0,0,0,0,0,0,0,31,0,0,0,0,0,0,35,36,0,36,17,35,0,26,62,36,13,0,31,0,47,19,29,0,3,0,0,28,0,0,0,56,6
2022-07-31,0,0,0,39,0,0,54,5,0,0,0,0,0,0,23,17,10,17,39,0,0,0,0,0,62,0,0,16,0,0,26,16,25,0,0,29,43,0,0,0,16,35,0,9,31,3,0,0,0,0,0,32,19,0,0,0,59,0,25,36,29,0,0,48,0,53,59,22,0,0,12,0,86,0,0,0,39,0
2022-08-07,0,0,0,19,0,2,57,0,7,0,0,0,0,0,51,14,0,0,19,0,13,0,0,6,49,0,0,0,0,0,58,0,16,25,0,15,39,0,0,0,9,28,0,20,25,0,5,0,0,16,0,43,16,0,0,0,39,0,33,41,25,18,0,24,0,21,40,13,2,3,0,0,27,0,0,0,37,13
2022-08-14,16,0,0,12,0,2,63,5,0,0,0,0,0,0,25,0,15,21,17,0,11,0,0,0,63,17,0,0,0,0,0,0,21,0,0,12,40,0,0,0,17,18,0,0,35,6,0,4,0,21,0,33,0,0,0,17,30,0,23,36,39,10,0,36,0,35,23,26,1,0,0,21,24,0,9,0,53,6
2022-08-21,0,0,0,43,0,4,60,0,0,0,26,0,0,0,39,21,0,0,43,0,0,0,6,0,75,0,0,29,17,0,16,40,0,0,19,25,38,0,0,0,12,28,0,17,36,4,0,11,0,0,0,15,31,0,0,17,41,0,26,48,29,0,0,68,0,55,0,18,2,0,11,0,30,0,0,0,60,2
2022-08-28,23,0,15,30,0,3,66,0,2,0,100,0,0,0,14,45,27,26,28,0,20,0,0,0,42,0,0,15,26,0,53,0,15,0,0,11,42,0,0,0,0,0,0,9,32,6,3,0,0,0,0,17,14,0,0,0,43,0,0,48,27,15,0,51,0,46,0,27,0,0,18,0,44,0,0,0,22,0
2022-09-04,0,0,21,23,0,3,62,4,0,0,0,0,0,15,14,20,0,15,42,0,0,0,0,9,32,0,0,25,0,0,0,30,32,40,51,23,33,5,0,0,0,0,0,0,32,2,4,0,0,12,0,38,37,0,0,43,80,0,7,63,65,0,0,40,0,54,25,0,0,0,12,9,31,0,0,0,51,0
2022-09-11,0,0,0,21,0,3,71,7,0,0,0,0,0,0,44,0,0,21,0,0,0,0,10,10,69,11,0,41,0,0,0,0,23,0,27,24,24,0,0,0,11,9,0,0,31,3,4,0,0,19,0,62,10,0,0,14,65,0,24,22,49,16,0,42,0,60,26,73,0,4,12,0,27,0,0,0,78,2
2022-09-18,0,0,0,15,13,3,71,2,0,0,19,0,0,0,0,21,16,15,0,0,0,0,14,5,73,0,0,0,63,0,0,0,0,19,0,22,38,5,0,0,10,0,0,0,27,7,6,3,0,0,0,65,0,0,0,0,42,0,20,38,46,9,0,60,0,64,36,0,0,0,9,0,48,0,12,0,51,8
2022-09-25,16,0,0,50,0,0,63,6,0,0,17,0,0,0,23,12,0,24,0,0,0,0,0,13,46,13,0,32,0,0,0,0,82,0,22,33,24,0,0,0,7,9,0,0,31,2,0,0,0,0,0,52,13,0,53,0,66,0,15,37,19,0,0,31,0,81,31,20,2,0,6,0,12,0,0,0,50,6
2022-10-02,23,0,14,34,0,4,79,2,0,0,0,0,0,0,24,11,30,0,34,0,13,0,0,0,58,0,0,15,0,0,0,0,15,0,0,35,30,0,0,0,0,17,0,0,33,5,11,2,0,0,0,24,11,0,0,0,57,0,15,44,53,0,0,62,0,49,23,21,0,0,12,9,51,0,0,0,37,11
2022-10-09,18,0,19,53,0,0,70,4,2,0,22,0,0,0,29,0,11,45,21,0,0,0,0,16,68,0,0,28,0,0,0,0,29,29,23,19,33,8,0,0,0,21,0,16,32,7,0,3,0,22,0,35,12,0,0,0,59,0,20,57,44,23,0,24,0,50,51,0,0,0,6,0,71,0,0,0,63,7
2022-10-16,0,0,15,51,11,4,76,2,0,0,0,0,0,0,0,30,0,22,0,0,6,0,0,0,56,27,0,54,11,0,0,0,12,22,19,21,34,15,0,0,0,18,0,0,29,8,0,0,0,0,0,33,29,0,16,32,55,0,35,51,54,16,0,26,0,62,0,29,0,4,0,8,42,0,5,0,60,11
2022-10-23,17,0,0,46,0,3,73,2,2,0,26,0,0,0,46,0,0,14,23,0,7,0,0,0,33,0,0,0,0,0,23,24,20,0,16,28,43,8,0,0,12,7,0,0,25,0,0,0,0,12,0,36,18,0,40,14,57,0,0,29,60,0,0,59,0,45,33,20,0,0,0,0,32,0,0,0,48,7
2022-10-30,14,0,25,30,0,3,67,2,0,0,0,0,0,0,25,95,27,45,24,0,0,0,9,0,45,15,0,38,19,0,0,14,0,14,24,36,23,0,0,0,24,29,0,0,33,6,3,0,0,32,0,39,11,0,0,44,43,0,39,52,85,13,0,39,0,65,45,39,0,0,24,0,38,0,0,0,42,6
2022-11-06,0,0,0,26,17,5,63,3,0,0,17,0,0,0,27,32,15,21,24,0,0,0,0,7,45,0,0,0,26,0,0,22,0,0,0,24,36,0,0,0,0,10,0,0,34,0,0,0,0,9,0,40,25,0,0,0,27,0,28,37,53,12,0,33,0,49,0,25,0,2,0,8,35,0,0,0,98,7
2022-11-13,0,0,16,0,0,2,71,5,1,0,0,0,0,11,23,30,16,54,16,0,6,0,15,0,44,0,0,19,0,0,14,0,0,25,31,17,32,4,0,0,7,9,0,12,25,0,2,0,0,8,0,58,10,0,0,15,43,0,30,35,67,8,0,51,0,56,48,27,1,0,0,0,39,0,0,0,47,6
2022-11-20,0,0,15,19,0,0,67,0,0,0,0,0,0,13,25,0,0,36,26,0,0,0,0,0,43,0,0,36,0,0,0,0,0,0,0,34,29,0,0,0,0,23,0,12,21,7,11,0,0,0,0,32,0,0,13,13,62,0,24,61,68,17,0,33,0,64,19,30,0,4,0,0,0,0,0,0,46,17
2022-11-27,0,0,20,26,0,0,74,3,0,0,0,0,0,20,0,0,0,50,18,0,0,0,0,0,70,12,0,21,22,0,13,63,0,0,0,39,28,0,0,0,11,17,0,18,23,7,0,3,0,12,0,33,11,0,0,28,27,0,41,44,41,12,0,46,0,73,16,66,3,0,0,0,23,0,0,0,51,49
2022-12-04,19,0,11,36,21,4,70,2,1,0,0,0,0,0,43,35,20,24,32,0,0,0,0,0,35,12,0,0,15,0,0,32,11,0,0,37,35,0,0,0,8,0,0,0,33,0,0,0,0,10,0,46,21,0,27,0,29,0,31,37,71,20,0,44,0,64,29,35,0,0,0,0,68,0,0,0,61,11
2022-12-11,0,0,11,36,0,3,73,0,0,0,16,0,0,0,0,10,0,20,0,0,7,0,0,12,41,0,0,0,0,0,44,12,0,0,34,21,37,0,0,0,11,13,0,0,26,3,0,0,0,0,0,53,37,0,0,21,67,0,24,37,54,13,0,64,0,77,0,29,0,0,0,26,45,0,6,0,43,8
2022-12-18,0,0,0,16,0,2,52,5,0,0,19,0,0,13,0,11,0,13,13,0,0,0,0,0,55,0,0,12,0,0,0,29,17,0,0,35,49,0,0,0,12,12,0,26,32,4,2,0,0,29,0,16,13,0,0,0,38,0,8,53,45,14,0,85,0,58,0,19,0,0,0,16,17,0,4,0,45,0
2022-12-25,0,0,12,22,0,0,59,0,2,0,0,0,0,0,12,11,0,0,72,0,0,0,0,0,58,0,0,0,0,0,17,0,0,0,0,15,32,0,0,0,8,34,0,8,32,0,4,8,0,16,0,29,23,0,0,25,33,0,0,28,45,10,0,44,0,54,17,27,0,0,0,0,43,0,9,0,36,6
2023-01-01,0,0,0,24,0,2,76,10,0,0,0,0,0,0,0,21,0,36,98,0,0,0,0,0,50,0,0,16,0,0,28,0,0,0,0,34,30,0,0,0,11,36,0,10,34,0,0,0,0,0,0,29,9,0,0,0,30,0,9,41,43,16,0,26,0,49,0,38,0,0,8,0,32,0,0,0,67,8
2023-01-08,20,0,0,27,0,3,71,0,0,0,15,0,0,18,0,19,0,46,13,0,9,0,0,8,38,35,0,12,0,0,57,0,0,0,23,19,36,16,0,0,14,18,0,0,22,3,3,0,0,9,0,41,0,0,0,20,45,0,21,46,52,0,0,65,0,72,28,47,0,2,0,0,19,0,5,0,71,3
2023-01-15,0,0,0,35,0,4,73,2,1,0,13,0,0,0,23,15,49,15,16,0,0,0,0,9,49,23,0,24,60,0,45,0,18,11,23,23,30,0,0,0,25,28,0,0,33,2,3,0,0,12,0,65,18,0,0,0,37,0,28,55,34,6,0,52,0,62,15,30,1,3,0,0,33,0,11,0,50,0
2023-01-22,0,0,14,25,0,1,68,1,0,0,0,0,0,0,42,28,23,29,11,0,0,0,0,9,47,0,0,53,79,0,14,0,17,22,0,34,41,0,0,0,10,16,0,0,27,5,0,0,0,18,0,39,0,0,21,0,59,0,0,54,59,15,0,42,0,58,16,25,0,5,0,0,45,0,0,0,10,7
2023-01-29,48,0,0,13,0,2,71,3,0,0,0,0,0,0,0,16,0,16,38,0,0,0,0,7,39,0,0,0,37,0,46,19,0,0,23,17,29,0,0,0,0,0,0,15,22,0,3,0,0,0,0,63,0,0,27,33,42,0,19,60,47,23,0,57,0,59,22,10,3,0,7,0,32,0,7,0,57,0
2023-02-05,0,0,27,50,13,0,69,2,0,0,20,0,0,39,29,27,0,33,0,0,0,0,0,0,59,0,0,18,35,0,0,0,18,0,25,23,41,6,0,0,13,22,0,6,29,4,4,3,0,13,0,40,0,0,0,29,49,0,32,49,51,34,0,57,0,52,11,35,0,0,7,0,22,0,0,0,53,5
2023-02-12,0,0,0,45,23,0,67,0,0,0,0,0,0,0,48,14,0,12,13,0,0,0,0,0,43,0,0,27,0,0,28,15,35,0,0,27,18,9,0,0,12,10,0,0,32,3,0,0,0,25,0,37,21,0,14,20,27,0,29,51,51,15,0,30,0,64,11,0,0,0,0,0,30,0,0,0,55,6
2023-02-19,0,0,0,50,0,2,72,3,0,0,0,0,0,0,46,26,0,0,31,0,0,0,0,0,55,0,0,16,31,0,0,32,0,28,0,10,51,0,0,0,10,24,0,0,25,4,0,0,0,0,0,23,8,0,13,47,68,0,33,41,27,0,0,26,0,58,13,14,1,4,0,0,43,0,0,0,64,9
2023-02-26,0,0,0,35,0,2,78,2,0,0,0,0,0,0,98,26,0,65,43,0,0,0,0,13,52,0,0,36,25,0,27,0,0,14,0,24,25,0,0,0,8,19,0,13,34,7,4,0,0,0,0,52,0,0,25,20,37,0,10,54,63,16,0,35,0,63,25,23,2,2,0,9,23,0,3,0,27,4
2023-03-05,0,0,0,23,0,1,76,4,1,0,0,0,0,0,33,35,0,0,15,0,16,0,8,7,67,15,0,0,20,0,0,0,0,12,15,4,44,8,0,0,13,17,0,0,34,3,5,2,0,27,0,30,0,0,0,0,71,0,48,56,69,19,0,58,0,58,25,0,2,2,23,12,14,0,9,0,57,0
2023-03-12,0,0,0,37,0,3,83,0,2,0,16,0,0,29,24,11,0,13,33,0,0,0,0,11,57,0,0,12,0,0,14,30,0,0,13,17,40,5,0,0,0,17,0,7,28,11,0,0,0,12,0,36,0,0,17,59,55,0,70,47,100,24,0,96,0,73,27,31,3,0,8,0,42,0,0,0,59,2
2023-03-19,0,0,0,33,11,2,69,5,0,0,11,0,0,16,30,35,0,27,24,0,0,0,0,0,46,0,0,0,0,0,0,48,0,0,23,8,50,7,0,0,0,12,0,0,19,6,5,0,0,14,0,49,0,0,0,13,35,0,44,58,72,10,0,54,0,83,15,83,3,3,0,7,31,0,0,0,46,5
2023-03-26,15,0,0,51,0,0,66,2,3,0,0,0,0,0,50,0,0,27,0,0,8,0,0,0,53,0,0,22,0,0,0,0,0,0,23,26,32,5,0,0,0,12,0,0,25,4,2,0,0,30,0,31,22,0,0,21,63,0,38,0,69,14,0,65,0,61,13,21,0,4,0,0,31,0,0,0,70,5
2023-04-02,18,0,13,11,27,2,60,0,0,0,0,0,0,12,51,23,0,28,31,0,0,0,7,0,70,65,0,29,0,0,12,12,15,0,0,19,38,0,0,0,11,20,0,12,34,4,0,0,0,14,0,31,15,0,43,13,30,0,16,57,28,9,0,32,0,54,37,16,0,5,0,0,43,0,0,0,41,0
2023-04-09,0,0,0,43,13,5,63,7,0,0,28,0,0,0,49,0,25,35,21,0,7,0,0,0,48,0,0,15,0,0,19,0,0,0,0,34,41,0,0,0,0,10,0,24,17,0,5,4,0,0,0,27,24,0,0,67,40,0,18,49,46,15,0,28,0,54,19,14,4,0,0,0,40,0,0,0,79,7
2023-04-16,0,0,0,0,11,4,71,3,0,0,0,0,0,0,32,42,0,38,26,0,0,0,13,0,44,0,0,0,25,0,30,16,17,0,0,26,42,5,0,0,15,16,0,0,34,4,2,0,0,34,0,33,22,0,20,0,54,0,47,29,55,21,0,65,0,47,41,34,2,2,0,7,32,0,0,0,67,4
2023-04-23,15,0,33,32,0,0,74,0,0,0,0,0,0,0,24,15,0,0,10,0,0,0,0,0,48,0,0,20,0,0,0,15,0,0,0,24,24,0,0,0,39,8,0,8,24,3,3,0,0,0,0,48,27,0,15,0,46,0,64,52,37,11,0,45,0,60,23,17,0,0,0,0,26,0,4,0,57,8
2023-04-30,0,0,0,27,0,4,67,0,0,0,0,0,0,0,0,37,31,16,26,0,0,0,15,0,18,0,0,0,0,0,37,32,42,0,0,19,44,7,0,0,0,0,0,0,37,6,0,0,0,49,0,48,28,0,0,0,65,0,18,57,55,13,0,52,0,66,21,74,0,0,13,0,27,0,0,0,26,0
